,nickname,lane,team,country,tier,point,name,accountId,id,puuid
0,Kellin,Support, Team Dynamics,Korea,Challenger,"1,600",시간빠르다앙,6o4tDKe7B7R7UVseRfUwSzuXPiS2_irGPXZ6vKIkVtGtg2s,OhSJ8C-Ti3MzjL-X4ipbHaydmYOQiEvpzD03iM4rDCZhzBA,QlNgibOujq925_um8u59JjpIfuy1-kWFT-Z_eaQ-7wv_aiZ1TepQ6ntxW_4pE2wiw2G2Yki26ked4w
1,XUN,Jungle, Invictus Gaming Young,China,Challenger,"1,590",xunxunxuno,4wXVtrD1tJttOQ_xaAnK24XSBIPv92419a6HNW2gF-Nua2uFRoZt30bV,gsEUNvCfeHc6AauXPpSLXLNUmRP4JoIV7k6kjvYHjqufgPQ,pSKQ-XanCD_BbiBiYCGiHg5sLSTxEYfFdIE5KDJtvisIBye6-iebePnfpf7n94E9NYl68TYirXajvg
2,Viper,ADC,No Team,Korea,Challenger,"1,527",viper3,b-0NO-Z9ZBwaYnVdQXKR14X8FxwU-XtFN_meoeY4HrqRJQ0,U7zVfkmzX-L8uzRFDBkramFVpEO_2urPnIN5ElL_BSHp3HE,XOZrf4GmY8GLqGjEpLpwEd_vzXIJOLYKJqTjD_LPihrR-smmpL1nkZRsxKLnEmQhTsjTpXGKGHfOTQ
3,Hoya,Top, hyFresh Blade,Korea,Challenger,"1,512",BRB 호야,a2zN0ZOa4GioX22BICT-iB83hVqNNuHnRtFDtF73otYUFNw,whRfP1x7deMby4K5wSByo9TB84NW9qhFfIQLu_99oSxWt8c,W8b8ugzYjTqpqshxJzduFwVjvtgjggBiStaweyhDpZV8zhsUqJhGg72yBRqRBz0LLaRi4oYIxtNa4w
4,Knight,Mid, Top Esports,China,Challenger,"1,485",kk9qwq,8XyWBc9hcDnvEqh8d99rhayEAKAqGEBwaC7yij3jLk7_Wj7Xap2IrAJi,YfZ--tnoJ4b6Ty5mLve2ALX5VV82r6qhcwwo3-1EzNlgzXk,4Qo68Z19Sf-AWe2T4OMhMYjCIk_djOhDg9pv523op0w0ffajzzEYn-5dE9UcPCXMfd8kNdt8zHOFEA
5,Khael,Support, Gen.G Academy,Korea,Challenger,"1,445",Gen G Khael,jUQGFlQ9ntT7eVcTM-PBXphbNK33ji_VLobhhV9KTuf34kWevRcGrfbH,Dp9EVI3y81FfAmUjJrdyaSEumCa9okEIb7YY2Ii3ocRKFbg,sZ6IAGymen1I8Ig7D2ZOzfODq0PJRkfZpCX7XEX761zKDhqLc5O1kvSgvxHiA9Y6pcbmXj8HECtsqg
6,Zeus,Top, T1,Korea,Challenger,"1,442",T1 Zeus,dE53yriM9BqypLNDgESpJhhaw6-j4Zw1r07tUSR1e9eUEbo,BFKb6MvcZwBvxxyBTOodte4UPzqGolUPqpZxybWmUZME40o,NY_jRKJUbgi0HFDCucxuk_bIH-BxGQ8BA7SmHdpX9CoGhnjqO9JPK8wbdF1a9rLmasmK0sLLKwY61A
7,Canyon,Jungle, DAMWON Gaming,Korea,Challenger,"1,417",HUANG TONG DAYE,PYXClh7pEK877DN7cSvaYuyGto5d35JNVF8ILWYRkUlE8kRGn2cWAoET,nrVY4k4YqyLsUKlFn16TfA17d0WBzfI8eVhtVCoX0fEzU88,jpniUdYLI4zS7D0YP78C-BCBsynWs1lTeTuSRDq2YqUn0b_OIq1Igb4rC0xz4M0cAzuJlW02xE71kw
8,JunJia,Jungle, EDward Gaming,China,Challenger,"1,396",EDGZhaoQQ888765,JUsz4v1S48AIwAKk6KBxvVon5Hmt8WbTzdjsk4Usvy2PIRcX_6zGemLD,Fn_IX0dtEBVGZoQCjTnLQQzz3Q90Esgvk6in_8yDFnYWNjc,LTMmpSyXCMVzu163UvSWXLcG2sZwlaOH3bafxPdwAMItLX5O1Tf4MAwGpGVc5VjMY_Lptm4gGb2gFA
10,Bay,Mid, Team Dynamics,Korea,Challenger,"1,378",쭌 베,oyjWMaBoVfLdnDZjOPwyd_ySQUcGw2nHbKaMUe1PuI98JgQ,i34Ey_5qxbdVpBStQy7Qb5l6-D4v2yoy5y8FX1eDpcOMUhU,GrTO7HWgRHUy9qNHNusDPC3YCVL1RJnYUdTHZVDo1Q6bFFu0HlM8lSo_3QUooogVUrXW1VO9uzf8Zw
11,Gumayusi,ADC, T1,Korea,Challenger,"1,372",구마유시,eYUXpp1Z99v0-hkuphbvs4kDM7jv3CHltlKIGBZGlvtp,_pVs4Pr19k2F-iU1PGS_Ph3ERZfCrPpn3krCAOjLXVimTQ,slUk9U0ZCFZnMFXPgbS9aKvX0CKbgbRemlywa92iZdFiqsE7ct4R15ahRk0TRKd7IK8dWwuLBC4drg
12,ADD,Top,No Team,China,Challenger,"1,366",ADD on win,nQcNsxDHvaxaFzO0b1SNb5wucBoDzYTPsuT4itiqvgSeSwU,q0CJdoudeBR_EBVHEt3K_HNlpnW8vLR-Pq5LlABZYVIze2c,2ZuYicej5moyPQtV7cSVBKOrAYQxJFwPx_0vy6CjrYHgiw_XaP15OP_L_sL0_Sc4vAg19LgmQYwo3A
13,Hena,ADC, hyFresh Blade,Korea,Challenger,"1,351",BRB 헤나,0xVLBpe4miGjajt84tyZyBttutXjtsXyJ3e4jnC-09qvLdQ,6ptdkyacKwF67ZPrnnNuFSOKfRxUAiJJM9_lJE9SNAgZwag,Z4vd99ivb-to3kwNfhsrD3-MV_DE90OAe7RYFza7mkrmzCiT9CHlM5Z4XHnq41-TZsi4blfVWo54Og
14,Rich,Mid, Team Dynamics,Korea,Challenger,"1,345",농심 리치,0YL27dpMYWVtoVLwfPd45xyxQ_OpY37IfK9XWxkocHEfHgY,zatvJN-B3ifjlK9zAyBoEGBjiV7KuhJfgpdjUTxQE2W5iUg,vp7IRzutjrcDbC0tZ4DNDMVmd3Ygb_cOf_y_c6Kv1-GjCAV4ud7r0GUaD4oO_BUN7UbRu5u7GeACsg
15,Chieftain,Jungle, hyFresh Blade,Korea,Challenger,"1,338",BRB 치프틴,ublJ6-hSJKKIrW7GNSY3nLiyNPkIGCdDybYvuRi-ZDFTPS4,sBvt6mVUg12jv0LYJxxzT_mrebepazT8_ElbboE81r5rsZQ,SozbNbxjgzUAo9GsVGa7d7kd-b4Sqzfjy2gBY-kCTvsTflsDsI11A8Q-a8Vss8q8QzlIyLdGWnHJOQ
16,Fisher,Mid, T1 Academy,Korea,Challenger,"1,335",T1 Fisher,S77PmOHC8WVAbko7G0dkxvocl1IumMpkWxZZmOFnWRU7QxHXCPocZoLE,4p6jTET6DFcnHnqHXoem2ui6s90uIwTCAXLy-3GSyBJe2lw,eerYgnQhUwoC1uESdqU06N44y1d_-7yyx7zwX5fsAOTdAalPCnwgPTtl9J_aYgIenKoyGKVQ56YDrw
17,Tarzan,Jungle,No Team,China,Challenger,"1,334",미친듯이 파이팅,KJNqghp3MtXstSliaCIMOPEA3hHHHZgNPhPdAaJEE-anrGE,VeZb0m5ibV7KefEQ3Ck1vCml4z4FQJv-1NQ7Ntbw_1dfORA,C-65nFdeRK701wkIhnHT1OijDV87XAjbfrleXMiW1Hq_sHfmgL0j5WwoKtk1t-IQlqMu7KrN1TZ1Dg
18,Minit,Support,No Team,Korea,Challenger,"1,318",FA Minit,eVo0paZfpWreOThFPCJp6tUW7oRROmH5yZKi3FV3CrFai1g,qJVgK3c2wiGoEyJhEh_zjGdiTeajAnJOr12QhrTI4QHuLm0,yTvBqHcg97rYGSIrpqaQ243N7UzaeaME0-E_YwpKOhuS7JjVXH1yGEpnxLxEnLyUjhUrRpBuOkWNjg
19,Cryin,Mid, Royal Never Give Up,China,Challenger,"1,289",ashead open,-A7GiqcrkTJcwVZtbe-cPHElu_SbF1lB9Hf521X6IyagkIU1MLrE4rux,55qwMhBMBHg1iTUYzZ0vS7okGcvGjsS-LePQYHcDDuXllks,fBGcbL4Y5KDd2Dh8cQ66Z2epXntB8drHZpKIauYrhaSxEnJEOa2wX9gWxE8dnL_CdL3Sua49kFuJkA
20,Zeka,Mid,No Team,Korea,Challenger,"1,270",나는 준일하다,5IHJVbKoGKsJF_W2Uu63pa2IJH4dVwCUmzxVculpUHok2Js7dY-3_qrO,IxereOEC6EwY8Hfo3SFe2Hylh_O4F_4dNGqE-JDHYq3Ij4g,daKGDVAusz5xHnvPRUMa6vVWLMQUUiMjmX9hvnv6YnGreZTpnxSjGN6nH_YvGwxBFF9VcwC8DZf39Q
21,FATE,Mid, SANDBOX Gaming,Korea,Challenger,"1,253",SANDBOX FATE,1SQi-cvw6PWKcfhAEBisyXbtZdwCVMIE5aXAm5Ii8VwaOpZERCGbjIuH,jXGm2QqhN5rIQgfSvaZu9XnVK4e2TPpI71h0zqamhmYh9ye_,qzyfQ4fGsGY0GNBJY5FYZZCthheMo6-Er1wduExt44H9_wZ_lYXie4E31-o6AVL34_2qWcxZ53cvSg
22,Trigger,ADC,No Team,Korea,Challenger,"1,227",UijU,O0RxbCKaBNsmVaYechrwu9r8XcfltU-b16MXEMh2lSA9-FGk-EyjVjfu,5f-aQV4lGszHsBZoEHvDd0OuSnLkhumjIjGjLfBJidXxUSo,15kr6KGipZFCvknUiD7nkyIQEZpephvs04lGwC9XXvBG-xPAGlYhdzvT2qtSJoSxLddwtiYxOAtazw
23,Bonnie,Jungle, KT Rolster Academy,Korea,Challenger,"1,220",KT Bonnie,OkiXeJKBY-L8ndRQVEMBZgUj6KbKoMzVoHsoNCWwDQLtzvsIa4qzpObP,co3AMUJjDiF4kHHENINvCGyM2RA7SyFm9CelSXkZ561JL3Ok,vwhSDNh8xiYUg5qSZDiLwBTDdO0jCJvywaFlL6TIzagptw4fI7pib16w_sH9RV5NEv9P5RgUBAfMkA
24,Jiejie,Jungle, EDward Gaming,China,Challenger,"1,214",EDGzhaoQX888765,TPAupQShkKQiB5Zu6FfTrWvgkHzffV1VFvhxYxLojMbim3ptsP2TrTDo,hcfTA84lxOBLpca7Y-iJA8I-_jcZmPgrvErIasM9DhQM3oE,iQf-RdexKWTpBnOrCckbExh8PbzYVdJ-TzlqR4OzVG6Dn4K6v1BLWldCr_KJtfJQBp7QJ-wAUvLQqg
25,Burdol,Top,No Team,Korea,Challenger,"1,203",버 돌,Zls-ixd00WYnGt8tOn4yAgS8rhll6Y9LPU6uK6SRzcEVGsY,zeH7QW1JlbgbI0siIWHYpkj-XNGc-xh8fflFzEpfEoeg2xY,RSUo0VX_o7Wx6Gwda7iu_a9Wrp1ruVkBJCiH1xowvahjbEoZE8jMZyUSwKfj7vdp7j-fmv_gUYz9LA
27,Karis,Mid, Gen.G,Korea,Challenger,"1,192",Gen G Karis,Vje0h4MyNn6xCZv5bysYTV1WGvAN5-m_bGqbOoa0sSW9Uk5YdlpBGr73,3LzSdme9RlgXy1TydiAqNZHKD3Wrti-NjmwXnehZcEzQpII,-aGGh1o8OLpqwMpWPawM2S6ZSGu7yfveR4h4xQXlhMMO37Rot-2RoSZJ6lH7wbNg8uSir0kgnFcA2Q
28,deokdam,ADC, Team Dynamics,Korea,Challenger,"1,187",deokdam,VKs2zTUgNPb8zz2-CU3S0sNyr6FEyRWTCAfdRLbj_-I65yw,ySiwi3THSH_eyMbac8XsyFobMm9h3WHY-1jYmxZqkh6Zku8,r_kOYt36TnaTe97dFWTt02EYyd0DMywPmcKDwK6QG1SQ8ZTY_ts2UmCi3fgrOsnZ4UuyMa13z1LUPQ
29,Kiin,Top, Afreeca Freecs,Korea,Challenger,"1,182",오뚜기3분미트볼,bKRuNNe9P8BLdtyf2UnTQoKPtzMV9nwFY53G3u4SX5cfhQY,l1ZkFNQYI8LwMoM17PrlVEjG8eYsnb_WfS80FV_7jAhsWjc,P-xMuyQPNcVvRS8PH3YnAx95JkxshT24vR5JAg-kNM7hWutANs6gm4Yk8dC9lb9ATiw1pTpXXLamLw
30,Mireu,Mid, T1 Academy,Korea,Challenger,"1,177",T1 Mirzz,O3qSAbFChAhBLNiqsKL5o5u9JFM_Pv2GJaJR710jmH7T3Tc,7kXGHrOTYFdJ9bqppqMca_pQCa0HNvOyawmYcUN21qKSnlI,Mva2M_SbxYntVxNnci0QsgFRq2_xHD4fkTR3S76RaY5bqSYAjbGdsWCI6K5rVvtFqyZrDPX0doaEpQ
31,Bdd,Mid, Gen.G,Korea,Challenger,"1,174",기찮게하지마,SUIjFFDKP2PWyVYN-BKg-O4hXlx-8iNY8C5AbjnOGLylztYAkCLMR2xq,RY8T6VOhw_Kt-ace8IpL4e-XJN6AXdLvr4lsHjj4fg4lWkk,o-e04WOPIxCFMeKDdNCAwjmSV0Ormiy0Urhl2_FSa6XZypt4G920fQwYxEBV212rWh51c5fBHMIGQQ
33,Zzus,Support,No Team,Korea,Challenger,"1,173",FA zzuss,007KIhF5NH1v3QlzFEA7X-L98eg7NBCqwmUqUi6kjayLmPvqJkxL6TNE,l8LJ7UqeUc3sdEPZL7e8azriqHE8sWFfrgrkuj441M6Pp24,HUW7woPKtdG6qzKgQd4SEaDpZd_foC49EXmAMX9VP3R6Mgn_idWxnBLk6A1iKajcd9WZJYVCnAhOLA
34,Kabbie,Support, SANDBOX Gaming,Korea,Challenger,"1,171",콩알벌래,AByyJFM1WFRcaTFrv0dqNYQDmtZSIpd3yEwthFWJd63BeS6Yoh4qBm0T,lN2XjbVZzSCp2fo52CvH7Zy4pRB_ajWaJB2GO3xqLM0XRi4,8AOmr4o7YdZVgxOdgckg948XlN5SRZsVj_OOUEdHBZNZfiaYaq2OMyjNE6nTeMoBChArPjfewzLIhg
35,Ruby,Mid,No Team,China,Challenger,"1,168",FA Ruby,jxVC7dAS3QsZAtCq8pokf2C1fPvqQJbZLYwl6__YRQLuM7s,xRxA79iKjHqX9qGh4_-AVKC9Pxn8pBk1ZkExP6X0vAXKgeM,bJ9JSteqsmskyBuV5aMmJSHXQ_abIBtbYT24gUBHLaxoDUHLK1qTdwjqd2B6TNLolDpfqM8NkiWJOw
36,Lava,Mid, hyFresh Blade,Korea,Challenger,"1,163",BRB 라바,jbn9CFQNo2pWL42_keulDfeyLnuIUt1tScHMzuEm2bSFCQw,ssqJVUJ-UXwQaGM8eDuCm-2bicImSMe9KSjiwI02UfCP28U,xHgvY1t6SbrndANGcDY9B4e-FLtE4zoACvM5ddo8cijUSIhlasxQ7FDNkeQsVqJQF7XNDRMJa_UM2Q
37,Ruler,ADC, Gen.G,Korea,Challenger,"1,149",황금고블린1,cySfKfBxjAZcjFpZyj_tselIZAlZCmiBtUgIsxgZ_sDDJifM-ljQ7tKi,0057pN1CkY-3lLqVHwYUTsL7kz4RusuMUoN2LwUnEZyXgfg,0FyZEjX7379Tprn6aIPUc5TAQeqtjRZNcuEPmO1rlQwXedSZkKnagkB7dRwtA-tu6X4BMDauFN5JIA
38,BBD,ADC,No Team,China,Challenger,"1,147",40900202,R6ThfwV9VHrkfRL22miG40i8N1RQwOeqpS8QqqHHZJtioaDhRiDuHcQW,Cem4yNqAKCe4ni0Tn0U4b0PPrxlHzNjLhHU7lI0nqaDVoAE,rHBoA5DvVYMGxwH1W0GSvrJ5S9wFKiVp8z7x3db0Ki5MdtQHLEg5UQFVaGziMoz6k4qSwYKoNKJQCQ
39,XLB,Jungle, Royal Never Give Up,China,Challenger,"1,145",need time xxx,wC3HYL9wmfZZneYo1A_1oximDqb1h-HXA0JcMA51hkgogvGd8E_EAW2H,klnkXNYMfvHMrojZ4nVPKnGp_qX5kBcaS12zG8dqNONoImY,yJobB2z662ssh07jqiZtTdm8vupOBlrMSVUKDAe4nSWLRd6LzBh4MX1bG7EqxCAKu_vEfXkF4c219A
40,MID,Mid, KT Rolster Academy,Korea,Challenger,"1,142",KT VicLa,7Sxlh7Lp2NRxUf39I1u-b-V6al5_c6DEWDMOkdxskB4eov2pHK4txW2M,PuzKmRLsz_TP-BAxcV2q_WsAHJM_a3M72OXpW_Ew2wN-K4U,vUqjce3we7LYc1KBzBgcPQzDDfmwsdayBIW2wD7mo_b0dexg7WOBitW2h-EMRqIMbTRYs3EC6ayRYA
41,Ellim,Jungle (Sub), T1,Korea,Challenger,"1,133",T1 Ellim,YDHgSgTfSt3iBYmyJWdfuqGu1GPBvwdfa0dMCZp-dHrP8Pw,Z0lo1YamNS1-Bg_UMqY-0_M7TEmOVLO6_m8IkbRdSSFYbYA,lL6yUzBPVzQVi0vWi_--77Ehysiq--EOEY53sNqzt8fc0DgC9SE1_tFhmK1_iqHRIJAXiPkD17Y0lw
42,Lonely,Top,No Team,Korea,Challenger,"1,133",SANDBOX Summ1t,2jb8GM2CHIpJn5kKkcUHyOtv8fE_1K-nTTsNL1zz7jYqgXuekiEXuwl2,cSzQZzMsUaECuTZ_LO8l8uOWttkrtSyo2u7a8on67SDeOhw,-LZztVtP0n4UBS7GgsuxkHnXxAsPuqXqnk1hx521bS2St3S5tOMTG7DXwvXWyGgmUOUpcdAa6TxXhw
43,Oner,Jungle, T1,Korea,Challenger,"1,127",T1 Oner,b5DDEIRfdllLt7tOhpdiVep_9AF1axsqJBbkuDqI5Hgv3vc,TeffrVeAyU3ekc8CzP_VfUL3GU0m0vNbBgQF1P_G6h6Y_0M,VOaYRq53UDTtzdmuysYc-Ho2jLnUFgU3nrs-NkNZ5ARulb_4pO3Q3HENCg1qfiOiZCnU2Y2sDE9xJw
44,Danchung,Mid,No Team,Korea,Challenger,"1,123",단군의청춘부재,ahBRbUmxoEs_KwE0HsY37WK_mTzm8TDj1st4gK_lfMhA,cZXM9swCuNuXkhLx2e34perrdgSPhzjiOLGtjpC7kgkR6Q,3Uoj07D3FXnWya2uO0ScRJco_wA9XW6fwlJgecPvVQiykM9QXa7YvwF10IePstIFBMBAgV8Dk4-fXw
45,Khan,Top, DAMWON Gaming,Korea,Challenger,"1,119",elole,tHf7pGtsRoQlvgH_8Q_25qQQQM6l_C7_49juwaTYtFDP7KkfSr1PAHi5,XRbqUhy8MaAoz7zDRKkW8tpBS-CzPC1pQ9BzpX9bw2H_Eqo,AqaxucRJEEXZS_ti6DDhtZ8aZxSzCFGBU5LWO-wXv23IDM0u5cpFMFlfxI89LJwwZkd3iv9-DPkLbg
46,zs,Top, Invictus Gaming Young,China,Challenger,"1,119",파이팅 인생,_9wqASl-9ZtrPKExXp6Ex8hOns3wwG-WHl6kidY4IBU6VZ5Xn97_nJRG,Yxqxw2ce2g7hmQxO6VI-mANeHkUOy-6rhKkMNEFAhd1I2mc,q-nVaiOqoBvotbC6F9-p-D7bbJl_M_ad3aG7I0jczmvmcxQSAYH_gcJJKqfotUvcIU7VORP3cgl__A
47,Vsta,Support, Hanwha Life Esports,Korea,Challenger,"1,114",HLE 모건,PfZJWdRXWxw2TNAlXecVWv6XHI0Ba14NPr7pDIAQBe8AeXk,ejMp8gqLtD_1LplSEDZxSpfvrTtPE6mhKJZzPZytiHdrG_g,U3Nr66NO9kGheDIObEZnwXgRpEUa6Q2kveMZjpzxr56WuqRPSPxvNSZ870vEd-DIKM7iXxM84ypvIQ
48,AD,ADC, Team Dynamics Academy,Korea,Challenger,"1,111",DYN SSONG,1m61gL3aAWpc_ZCMSlxEasGKVWUHYZfBWWFrgp2h21E-pkQ,BmgF9se0a9rSwyUX4-bJQcPxTWFSlfizDpkPnwmXpHm6uGM,IvCyscKtQ1R-vtP2hcJYUMa_wwOje896E4LndbjT4FmAyfL6iqzy0mHTqSaUGaxRftxJUU5rDEM3SQ
49,Cuzz,Jungle, T1,Korea,Challenger,"1,109",T1 Cuzz,L-TRpv0Fh4G9Bb2DEZSALPfKJPv-Vp6srNEScPiAUPRNsr4,YcOZuieR5s2n7yz1hXR0BadX4v-iv5CkBDlomG6mlkD_lt4,UYK3J24zKmwjB07Hu1mbQkIeaMwNooS-0DSvFcao8P_SNECEs1Htj6D68jUZK4iy_z5FhkBAUsw9iA
50,Crescent,Support, hyFresh Blade,Korea,Challenger,"1,107",BRB 크레센트,BKoetTPKQ8sAiUzk9nez3yWjNKEMSlAhpZyOf_XJZmsfVlmwVYNfc1ku,FVvt4kLuAgc2c1kUEsqnBzNr0zDYDPD5gpXprPKg0yvKms4,WypUHRZqAc6k3zxQv505NoowJwJD1GY1-5Gm03Qdv-3dLL753gUVFur8EUSRpbDCH91Njs8vSqJuUA
51,Juhan,Jungle, Team Dynamics,Korea,Challenger,"1,107",Juhana,2aSZwONxulFXb8DI4KNefLh3C0APUV5pID7c0793XszoDc0jCeiVwQqX,SMPBAI0E7IQ3TNufKoPhaImQcAHltgqjhaEMcPSqQisJ-K8,DwlbUnOPhko88GT8eExOkrjU6XkDuFkbpuRWZrManDleRJNzve1yVpJapOtCJ4NGPr6-Ea1ypo4vHg
52,yimeng,Mid, Team WE Academy,China,Challenger,"1,105",매일배고프다,AAZIKVvB5B1CzJO5SCWVoVIPyXLxIVjM5EMb5m7K25e1dhiM8mvcELNe,ESPn-XviTRiiTw7fvFdKp-X_sv686WcG95j5ERJVqwIx7jw,PcfWw040fh8FqBRwlov5zeo7yry8qFo-dO9MUmzv8ldR8UacclmyJsqBCHK65_SZgDzYKaKiYtACSQ
53,Morgan,Top, Hanwha Life Esports,Korea,Challenger,"1,103",HLE Morgan1,R9ASTguatVNb-T8Pma7QQyh2pGQTHaYGzjarq__sAKqo9Lg,vR2OBY5KWwq-A9NQekEckCMXxMZAjRejqC_hlpVj7eqUHSs,lfexoMVbMCvtTPmQw4HBGDJMao1B9VIfQ04Qb8AlVnKSOcOiDoR-g__8MfG2uM6vWcgWQQZ1GjOxRw
55,Untara,Top,No Team,Korea,Challenger,"1,095",동해운수,oz4laQf3j8ykrd9dE8E4vdKzjfea8lso8LexuBBCkOsG,OYc6X3pJkYO3Kob0lcbfFYv35ypea3Ro-OOoNSwHiEm4UA,sMXGz9jOQjvytuica-8Goa3G4c3qhbQkgTJ5VTlhbJE_lza2nohnVCeRHnmkoVH9bqOWfLqUGnjvKA
56,Berserker,ADC, T1 Academy,Korea,Challenger,"1,083",T1 Berserker,q5pXgJq4kD2_jmhY5sbCF1neQBPwa2DrnomhoXpPH_zWeqIJ9eyt9x8T,f8Zg-76cthovdmM_5_6Ld_P0lZCd1apY0NZtNuAOFTdateg,AejKeZaRlS40V_aEB1mhAgIjEMXzy4SYiItdwFm4iVQVvUHP81u6S-FChkyEz5WgWDaX-TevCOYg2A
57,Ian,Mid,No Team,Korea,Challenger,"1,080",FA ian,FC9ZNaKfO51hAnsYs4pdsj-1zh2FgNDk60L00yBz8m-Jl4Vj4pSw7Qtd,R_FLjQtJ4s3FvvWOEgBfnE0U2_ihIWP4Ed1Fdb8mwyevE8I,770dxOZPGec8gioPnZVXNhCEPpwbHkh3LB2WDrQyMCKVAeXcG_ljPcWu6QJKD05xmp1P0O-4hG5jwg
58,Rebel,Support, KT Rolster,Korea,Challenger,"1,079",KT Rebel,YhZx19J0AEJT6tlu5HnW2SlM6H5_7DRCjkX_FzOeaj4VcFg,trSUPhvGaU_4KUcxCcfbfCnEVj1SioJBgnk-mzCkjRSHQpY,FmgF-LDyUqtZ4hU8s7qqyatkShQFjG7deArsuXy7o-zn1hOAqjcx7i4O8TU5SdQb2rpdbXogTKmpqg
59,Envy-KR,ADC,No Team,Korea,Challenger,"1,076",난쓰레기자만금지,iDBKKq65MS17fSh_1JwqksPje6WhRFQFUHdhvAsBi_MRFzYAkYStmxBh,0o-1lgl3EUFxiRQZN-Es7b6qCMCrt06zkzLexw6F7jDZEjM,2AFLEfVFHjDMGnRM8cAFRa2PX4zvbAnPOCMGd1WH93ueSb5UtDmq-8BumOretul2BsaYkwnP8T5x0A
60,Punch,Jungle,No Team,Korea,Challenger,"1,065",Fanch,GlabrecpZZmoX-cMaJkWrFH7V9l5H6tc-mUh_lO9GLtW1Sk,k0tzJe9-f3RR10xtODum106rk0Z3e5rRb5bykSOGYjU0NLM,4QUSAEy_9ZJ_PLsAGcyTbd7J-h1PmhnNenJRTGBcmDUZn1WP6xMZRv2Tbbb9zg6B_oejcwIWDGmC0g
61,Angel,Top, Suning Gaming,China,Challenger,"1,064",아창란o식물,elkUEvJHCURP6Ego6sLhPClALHbb3VcuR5h5Z1fxckyjVdSM7OW9Qrq-,AfrDuR07Kfaf9aIamEk83zgakxXgrwB4K0xXvvzxNyQrDAQ,XCssxa0xyJq7Rz7_ZZNMQNt7OuHnVONavBhldKqeTTLAD-6dXtrv3cdwvggtm9ovpiqoLIw356ZULg
62,Iwandy,Support, LNG Esports,China,Challenger,"1,064",xxxxxxx1,nn__JdOYBgGnlDjIPVhL84zS6mB09xuXcsvm0aDs162zfww,DTBUVL7Pfl-uy2jrY_vUZ4SSPUcIiRkEYwXUjl_-oW0Xmfs,JaHOnPGmH0W5XBIn1ByzEIUWXnblRA8eguG_M4_FwimoUijr6Oqy5U_gM7ahN_FrBjshAxXZ5nELgQ
63,Doran,Top, KT Rolster,Korea,Challenger,"1,047",모찌피치모찌피치,pG8H08INZnleEbMFRobu2CkGkdDni7muoKVrnaOZ2iEjh7k,bcHdpWpI7TAda5f6i-UzLgGa8otY1yoC--gcjrh_NduL76Q,SHPyBrt0UdA4bVagqHWDrgsFR98mp1F54xmJ_pgNMSxUpgdl-vhKAWR5oUMtYHmF-r463flq68ACFg
64,Prince,ADC, Awesome Spear,Korea,Challenger,"1,046",원딜 왕자 이채환,do7RS54WISsJy9bNGr6nUhKIefPa9suNUrsd1mGxTm-RoMs,OfdWfdC2DKMpfNQTrgWw8emV2kpyU1PBX1QqZdZ3jEZT24k,GYwHY_6ZRXLyMzsw7HKuSf6U4cTokSvYkxjg214ZGTqla-g8Bh4tQp0fJvnXhyO2cgx3OW3ivXAz6w
65,xiao7,Top,No Team,China,Challenger,"1,040",sheidodabuguo,-FogKClsW2phWvbQeTEin3B9i5IHaUTwQWlRRPq67fad,aHtXajn1ZEGc9_tRQgDc0PPubRC9sBOcRFYSujv95THLnw,x5L8q_ievCzHYvcC8WhlhUx6qE8SVXrAClL_vtD0575Xn1-LvwZcQjsZf9Y4cvD1k7RvzCk3ECemYQ
66,Dice,Mid, Gen.G Academy,Korea,Challenger,"1,036",Gen G Dice,T0HBDCPxOzEQ29W7uo9TXIfyGgE9imAe3oixsi3gGAqHCqw,08G_oXPHPD150YbENfzqcDgl4LE14poN9W1VZ8Bd7HgT11Y,AKk_wPt5W09qtBKDZKIbRzoMWoxxVi_3x8DdE0GwOjqWh9f0joARIACqun6ScYjCYX2jL4ByDDuPxw
67,ShiauC,Support, eStar,China,Challenger,"1,031",lagluckygame,bSft7Qf6sdAFTN3dvLFr_t06S7QfZmpOd2faJ3vD9U5Vy6PY66Lr6qsX,GKS0jFID1RmZmoTIMI-N4lhnD120qwppCUkRd5m92ZRp3tw,RK3SfH-SUcgq2nd8AvclhW_26G7dyiOtZydGYDl3HhrseTtSwEmudJgqrrJi3YA_sgW17W_79CP7CA
68,ming,Support, Royal Never Give Up,China,Challenger,"1,029",boom1boom,EdLrO7XHhX1nEivtSc8pqV4t2fLJF4p9XLfhnAqPUBU0vJFAsxKYPQ6w,JRS3L14AaJyTo_zgJ5islxDfsrWOhuwIIuxt6pQz2GGr7IQ,0cEmNEPrzlmte695fYiCQrncKgG13wdFq9kgxqfihpQrpGiqDK5p7APhqDQ7bO9QkGslxqh5O52aIw
71,Chasy,Top, DAMWON Gaming,Korea,Challenger,"1,022",DWG Chasy,zCwahtWGFC3N8IJbU7100shyUOCo_-JVpXWziCUf_cbmfWqEC6b2Lu0s,wXO_IsQNIa5wuLBQpEPreq885ZgrdoQqopfjzge232arHpk,YSAVTzj5OKKcV8O9YpdL8yhIm01pGlsyN0drueN5_EqyjFVJ6uQcIqZvZfsPhuHCNYQrIIT79YcmfA
72,Karsa,Jungle, Top Esports,China,Challenger,"1,021",Adachi Shimamura,l6Jobtxv1FJQ76Lm68sMlLXJ7Hxln4Ez18BF5fHpB-LwaKjweZ53pfE3,bBOKDZZPIdhu7dDTaw0xx8vxQTws_UCCyKHIeiwyFJWNg98,DSxzITHRde2loLuq4wU21_WzFzjTBsfsKeyf5rq3pp-VNK1ja43AzgBGVvt2zs-_QQyfJZ8hJ2D9rA
73,Route,ADC, SANDBOX Gaming,Korea,Challenger,"1,012",SANDBOX Route,XkdFIk-UDPp99bR9p3IL7XVXKEikKoxcdhNGYBIYhhspQtIeCo3qXZTj,kIexXo7WXAl0v-PMbc0z07e3NL2-aiML8wGQ2Dj8OT4YW9g,VhXQ5bdrS_pTqh0otvhaak8LQRbcRFRDLx-2kLrosF5d45b-VcKq1syuUviwaOW2Q7Luk0ZFbrVxjA
74,Crime,Mid, Oh My Dream,China,Challenger,"1,012",zywbzdcs,EqZbyYRM2Lx9Ac6v1sgv4bXu00aKK6HhkJXmWci4nZfA,fVj0G9YURFXG1C8E2EfbV2B8kpPXqwJwLwMdwVE4PFdyl6k,gigeo4AqpiHNp_SkP4oKkIgqVaVJQ0QXzhvPheyu2SyDAsUwopRhaSstVMNwKTlqWh_k0qIWOp0IuA
75,SOLCA,Mid (Sub), DRX,Korea,Challenger,"1,008",스카이시현,YGs7xeuSxCH8WjiZ2UTdqsJ66oZwWOABtxu0VpinRk6u9CT7MQovS2XF,zP9_LVWDtVi92147kMDLY-_18A8fmtPDnmAi5TbRWNk869HO,Csr-XqlwYPwIHyd--oKkhtcQzSl1UFbEI3XDcNkHvYmu71zEzt_rAFmXdIDmEM5b7BjPeZk8DLPhGw
76,Scarlet,Mid,No Team,Korea,Challenger,"1,007",유리Yur1,I7Gcge1YhdmwRjTce2O0MQ8xa5jJTClxl49CHObUzcdPU-UiJKml-0RE,3gEyoR4WewczYPFFpX1EFB85nsw9ytKqZlwtly_uG_j2ZzE,sOsq5T5mWFLXeI6FWoCErfYYWAVRYlQ5OhLgYTsxdm3VH1QbloPPnU1moU4925c1mRQbrIBlQeIOnA
77,Ke,Support, eStar.Y,China,Challenger,"1,007",mmqm,9enXQLYTVNv5-IjZ9WirmbFHo4zyViYesDGA2HphfoKdQv_jaDWzOnWl,_CUhZya4RRaMyRAi5VAN6fWe-t-oIz-SwhVGGW0eOyP5tTk,88AuyZIJ7n2kl9FWxzgoJI6Hs-SrRONtT2wWWAfAytaTSj_UHXrtLDXJWZTEl4QJ4LwZI2hjkj1s8Q
78,Effort,Support, SANDBOX Gaming,Korea,Challenger,"1,006",롤오브레전드1234,CCinpYJhfBsj4fFMvygoW5o7oo7WY5_SX5JH2TBsINljTxOixIp_Yttc,awRlnpKhCZHsyTkleU_JtXIuKVuKPA8bvBCCodmFWG34-Hgo5gJul7RPPA,D6hduWaOsH2wn39sf-7ncmRZ30TX3mtAs6iGukNC_idsUOO5SFzKJ1-3mvA0fdhEtYG3aHZP9oDLCA
79,Arrow,ADC,No Team,Korea,Challenger,"1,005",Arrowlol,MNcuG_OToh_Bv_F0A-CjvC2qxdDBjId3oBAiu5cOnsOKhyo,K7FzGGDcrs7E2JKcLwhVs6_5dxG9KdeNJoSEnN7A_06ISr8,Dj7fzjd8z3VRE5cIohnTX6l6MoELHvKlyvNjwPD1z4ju-fdFjDBwIDu4V9yiLWHykr-GEVAZO68q6A
80,Zhuo,Support, Team World Elite,China,Challenger,"1,003",hao yun bao bei,zTeViQyLeBRfj06CwdJtf8wu65Gk-MAZRWIGY-Fwn5Ka0nSwtGspXsKZ,sbC5p3Z0BuYdQMWZp2yLYVT1_v_vfFXbtxlw2lPTLZaTBKg,v1dSrmtc_xx1k5IeABX7XuPwZTClwzq1FeqjtyXgHMdSU4QjDVI-0p4SC94t1B6ub0r2tIyBsC6Y1A
81,Snow,ADC, Invictus Gaming Young,China,Challenger,"1,002",whisper snow,8il4k9WJyROan5MNgNfjYv0k9FA5zwbGahAizYdFZHovByQ,_1Bgg7UFVoQ0sLnFGqiwrVRKzf00MuRSPVcDyYYGy5TK0hM,Va8il7oG0kV0Y2TFnQznkk_ZC2AqUczdE-WJyqra2LRU3aS1hQaMUIHxi9dj9II5XAzkYi7Xmpr59w
82,FoFo,Mid, Bilibili Gaming,China,Challenger,"1,001",stableman1,KMidP2oSFBlnM5mcoLzEeFU5BnzEiVfPcxzJ3_xCHxGKqCIP3GZuwV2I,SNcWBj0WQwcHU9aPqFzgHgMEvE_ASaF2L7zSFmRGfcGb32A,QtWKqSMpzE5zWJTDTappaIAOiK7EmVrH5ye7_fLmglPtCBG6ibPFSBzelonQqS_9pno852_qbma2aQ
83,xiaohuangren,Jungle, Dominus Esports Young,China,Challenger,999,TTzhao1952222922,aINPzlQmW-mHkfC6PzlXem3kVQ-GIObEiS8bv-V77E2Tzg5zCOcEIti2,VcHlLOtgZ35f9aQKCvBbkDv9dvVVjBuZLjhivVvuLo-ZpwQ,Wb7QkqxbVqYuuCFdyTPOlUNR_s66V0YZOkg8zEOGfyUCfxXCv3_wbQgiYvx85cO1vVYIjSHttOCswg
84,SnowFlower,Support,No Team,Korea,Challenger,998,군대괜히미룬사람,qgsxMk7_2rOrCdkG-gXeXsl-WKy5WXalo2L8iQQ6vQ2b,BWm4qSn-pLKNXVdNSdj9PI7km_LM76KpMLv7Fhvu4K2NhA,c3DApiJZqKA3ZH4_fBpBANdA-rot-UtmHS8_dk0OgdCpc4QByo2Q5xPG47q0SiuocoRI6tbhykutNQ
85,Ggul,Top,No Team,Korea,Challenger,997,FA GGul,ODfTAWp44XpEL-4rLEyYmOgiaUZalxfqUqx_HnAp5c4Ujn8,yUHo7eXMnKDUda6LG8_AYMK9-7flwrD4kWm1kvS0DrwZf58,ydmDbrKpPW0lb3GQGsdjGisDEuhp-3yJLuFvkj7fpp9knPXGKjo6U8eok0d5ZAr-uXs268Sx48tVAg
86,Peach,Jungle, DRX Academy,Korea,Challenger,996,esortazione,jiqKGe8ewWc9RxxyfK7-nCou8G2qBQ9zmLvrAI3x5NXEcVTPHj9REr2t,ERlMmz75ASJs5AqeMpBHChRQpqa-vFCeK0NssOkl0p0qQjw,SJci6hd3t0R5TWua2P0K0a7EVK0rXlUu8TJCxJ_qyTK_nLtis0Xi4fTbo-p5Mfx3RUD9KhtoA8fTTA
87,SoHwan,Top,No Team,Korea,Challenger,994,미쳐놈,GzaRNP1MKM5g8wPg6nhKinU2w7MTUFJG8d0bZHFyIijk,CazuO5H58KH8TJaQQOSgOTlMzOCbDFfVXX4brYUxQiOHaQ,z0rUx0iAhLCnM-lTfmhjREbt3Vvt3SSV3WDHWJbRy37l-dwKkinVlgXB5oxpz9xR0vHfMrpiFUpTTw
88,Mole,Mid, Victory Five,China,Challenger,989,GLZassassin,qSWGndxAcnY57-IaDxNXG1oVqD1Or3OXqO_JD6jdD_DPyZ_sxFFUG2j1,P89B0a7OFOifejQHtKYWIS2ULYPVxKtrnvnHad_mbPQ28LY,N21wvyx9lgLBo-2XGT0Lu2O9YsOwx-oL_ukOuPeoRQFf3aogY4IAE3K57iRsCQf1F5K_lqEbDTK3-A
89,Photic,ADC, Top Esports Challenger,China,Challenger,989,photic12345,g03P6Q36U--ksfbKhKa3eDjEct7A4XYAzrN8fgeiXON9-_pj36N3QW6u,aTx_C0lbuwJG50o78G64bMKHqVRB4Ju2vpW5RNChjf-hGus,J6QJW7L1Fek785iBXlGbkKDfuKVk9uTNhGXbkNc-NUi_nLBmXdNWHc--MhfAmxBk_l1Mr1nxIvz7JQ
90,UmTi,Jungle, hyFresh Blade,Korea,Challenger,985,See u AG,y_3qFYPoHkH3e7WU1kqGPw3Re8qu3lz3fzmrkgbbED-Bqag,Y2tPj7WWwBV_QmKtYEUb03ZD3NvQIDtA7pL9FVVECY2Stm4,W6fhQsGNfwarGBZRavcnZRj8dHeoZNvDWl1An10pJtPGpoIHf6MiAPAebLRz4VUmRrmGtNJLKDFlVQ
91,GorillA,Support,No Team,Korea,Challenger,979,강꼬릴,tUlFhSw9cVEz70HD6UgC5DqhquVzjwBZyzqodDdL763O,-E-znKUprqdQdTihUEa0YU3mg7zTgOIiFJkIOki_44CavA,d6arojpzsa10iH9gDVOWr0zG_D1bWZzQKfv5kkMnw8DFEdcPsHL_o-rVZJyTxCibA8kJDKlxye0o3Q
92,Sword,Top (Sub), Griffin,Korea,Challenger,971,이도류,PwFZFjqn_5An3nrwL_SoHyPQD8bI86xADnf1OoTUn_FH0Yk,ddBfx2IVonuRWSTp2YPTJGojwqJV3Ivcc5NtVmzWiNJaanw,2r2PZ21obbgbhbz0xkAyA8HoybiEqowkz1cSCMvxdCOf2tOpUKN7NTGdJMj7H1zfCD23ajLhOCKTKA
93,Betty,ADC, Royal Never Give Up,China,Challenger,969,BeTnT1,3Rw37ArEKVmBgnfbw3Hp0fTl7C60yg8fyoPh3XFwnUPsAr261TTooQXL,-JgwHW3Y_PLz-DRti7Z33-hTVsR50Gk5ciUfsa2f4M6esTk,kcaR3YXdMSz2Ht4aZ4svRLp1GgsNVtucS6T2zZu812fvzpjXDESkyBhizuYzlz7ZLK8oIZJ018MuNg
94,Meiko,Support, EDward Gaming,China,Challenger,968,미나모토 치세,_r0zsIzUlj0ZBxW-USagm-LluRIYbgyDlWJ_uPNrPYUpceLjZ6aJ9ybY,fZz0nSKD_t1kOwzyyti0cjVwUMipNvFxXQqoFz2QqbG0bys,Sbwvj_hLtpFnp3I0I-U4LGFzKdjhFnSBD1F9n4UhsKQIDfuHzZ0aOKrTstTf2TsPJ9tKH_XPeAsBlQ
95,Gori,Mid,No Team,Korea,Challenger,967,GGGori,Iro39-vldO4yOGcUFsbUzj5b2fRsY3kXI9L0_GRltQ7nu9Q,a7wC_4PooIsV_7wDi9h1WR0A_PEZhUypoIFGd_K6NocIwF0,yLoTm-ktQfMYqxwTLtWzCEYfvewwwBTUZZV1i_G43wE9sMd5itti4yuQUlIKY11IQH1F71t2Szouew
96,Summit,Top, SANDBOX Gaming,Korea,Challenger,967,SB 서밋,lPnysGx3b-3es9Teu6QxVny4kr1Lsb-4Cvaybpmx7wHjfIvhgk7SbNqo,vTtvBg7vfGV3irrt0LOGUVhW-xmzb_xwLeuzwvLSo_PBvMg,1a-dT2cL4mknFci20wBwbgESc0vifNnyPO9ptYqTwp0jZAYIH5NOx3AC_oinWpSahugbsDL7cIswKg
97,SofM,Jungle, Suning Gaming,China,Challenger,960,Sof13 CSGO,49Taxw8nBW7ZlfkvcTH4AcD86Gu-TEnPA9ooqfVouYG__nQa1QMZG0zM,hKI0Ia4fXJb9t_JeUOdUY4HbbXrw5LrfX_38l3FCJe6j2EM,7gje1oDrTXLndFbtETWUctKwEMiFjb8RnHrP_iIADFgLw3yvIxbT9y8MweMkN0SM6eeNHNmX9WKa8g
98,Deft,ADC, Hanwha Life Esports,Korea,Challenger,954,HLE Deft1,SfLf3QmAmFazSMiPcO9yW43ilXP-3JRXIMMFfjX52rn_V8k,yFKHkDTnYpTO3JARdq4rYv_3sRu0j4-dVRKOSl8k1ji4-8s,TaNgZrNbUj44wSXQTUyLJutbgHOgIaU7gdpgGDQmwSe7usVMLa0m4Lvc72sfbc_rpuWOgQRNxVxUVg
99,Bini,ADC, ESC Shane,Korea,Challenger,952,Sweety Pretty,T83ly8kX8QDoREeQzCrqAhg3dBhaMR34QgvYMiBu8JCgJgk,EvKeMaAZgi2Hn5S57kgWUL2J9xOAk8sRkMWH0qgxRPTSFZ8,uY4Wc3987vraQXXpAv56R6Wi3q4CGHTI7lcZxBUGkXrOPg9YjsZOpNL2Pvz4pwimHaZ4-0_iPPQ6eg
100,Destiny-KR,Support,No Team,Korea,Challenger,952,Destiny,y5unFEgqaazQXUqu40yOxYhYtOoPd3ruszgm4349ZJnP5oo,erk00I29GzGOEe1MBJs6n5XZ4fM9S0ijHFo7oK09oDQogNM,pGqKFSdEnA1DgbECcBRAhxtNuGylBH4-CgOJ8WACC6r0hX5sq91foBex3fPURe-JtnJBcLEvdJZXyg
101,Killua,Support,No Team,China,Challenger,951,da gong ren1,a-O3nZ55Sk1Jt5bduWxuiNkNtpWxAQGpaaK-8MSOyDFXA-U,EhnXfvs9jpZPg_Ee7ZjsLmawnAumZeM-mYXzPzmHMs9k6xM,u-Ey6zWAYUVt_JWaO4gct1jtIRNb6rIjkndXTvr0KZTBswXqNRtGk_wLwz1wmfd_RVVL4nVy1BK0dg
102,Flandre,Top,No Team,China,Challenger,947,우Q슈H,4IFJEhBZkr5APit3mSEz-eXTnReuTo3n4d06W5ezZgF-I7mw7cGvvV0B,BFlux0LjRv8jEWM3-XU_WvTbzkyA1YMrbUwcY5TSXqNp1wA,m6bRtGdIzEZuq4UvlWmyafMbKH91muLLoyo4ddHnmWha01X8NG_SXpAukGTpxTfsOBqjF3fjq87wkw
103,Dove,Mid,No Team,Korea,Challenger,944,FA Dove,EJTi_xxUZ54f3p6M3ScP-aqyueAEWiXrfnL-uWYcuaMmK0w,BARkUDQzd2p1kJMp0IlPkBKq4-XbNcXCcxstzaVjzD8vN7A,krjgqcaCgLf7B6VKJla8useQOoylkWgBgBsPfKKv4h7B0Og3yPwo45DQrwulc1XLZk0FiZzqUgga0A
104,Scout,Mid, EDward Gaming,China,Challenger,943,미북이,bR5xMoC2lP2xciUfPGUfKrV8pDs9JkiZz9aKxYUcHgO0VAI,BFD3AgaeDR6qWhcvEma2qo8ZtsV7b7XBslkK2fw_JG9RREM,19nWEP_88TCCg2clMGYxNDXNT1J76ozchJ2WMNGCmxZMpy-WzZoOtcBwOAO61Ex7IoH9BQLfiqGgQg
105,Blank,Jungle,No Team,Korea,Challenger,942,Blank,seoUbQVfl_-E_c1fPN5VHD4RmYVkpxEqRdw5_HmwW5qGt74,H1WdWELdAbuWsvak2PORmsuJT1pJUGn7g8eeQEaiK2uhi6U,tTIUHo2u1kwKDUPjSw7u-PPkCu3U2ZBkIrppqt9nzkCID7Zr-mDURAdxpx8zvbYukCjf-RIStZQKkg
106,Wayne,ADC (Sub), Griffin,Korea,Challenger,942,jkjkjkjkk,w9biaWupzH_nIY_KrujI_OquN-QgRz7UsyqTjLcd6ePl_yk,aFQ9L6jIZMOc7hqIbFUyJfbtMxJSaLv_Bktuo1KCnfv68gI,-ZoZhk7TQ-f61iKSJadW2BbhLUeNGuvMnr3zblBbASfqeCi2ZsHV7j41TsHRr6UtKDtThoN9GJ_UIA
107,Zenit,ADC,No Team,Korea,Challenger,939,HSHTM,35D5ctH3InNJduvC8-qbvHkBzpCZslYdhZYdJzkJ_yelzpll2zagNfbO,VFjxFi67EnqyZq9tC86dlVpAM6M6GWFhsOCHONjHsA4CJU4,wFWuuKisvUtOC4d8BD1sBRofY3OMjf6x0Aul_Bd2OEeO2S7mYSfMQdJX55fU14-O3B4CCim-x_sMPA
108,BAO,ADC, DRX,Korea,Challenger,934,DRX BAO,lXomEbMzooXHx6Hw8ru2VBdXqJJU4KCtOsrXW8xON2qFfbKyM_gTrOyo,1G-9LRm_BnfcCwvexuOhk1qfrKd2m2LvDo5sHjC1SwqvgNY,uTzn8Q6208irk-9Bc_lklq5enxqu6RaIji6MXMN9LxxH0RL5OMvhk4aFcNXSFlo0sRVsZZtUoR8c9A
109,Keria,Support, T1,Korea,Challenger,931,T1 Keria,NCs0DBU1OnQ6XiFDnwzQKGnffjHRzUF89bje8c4BPAtuD48,hnjHEjUJlVzmRuuQ-Mt-yEE3_ivC14rZ0OSl-mtk6lwNmiE,y74MWXFWm_TRdj_XEb3MGd5khkQFgaQL980vQyMhpTTQtnc3di2Um0spLiC8WVaOGQmkLe85eNUGIA
110,Crisp,Support, FunPlus Phoenix,China,Challenger,931,sdasdasd,Mah6X60HOlee4CpZy9xjPgyXMkJCTTsc1F0X6DXMtOUdDHRG21jKof20,WKu8DFZm_pvI6vA0qMTPuple_3I8VMFG-Q71VVFK39ItLrY,7vLLzbhNpfwvHRVBM-WzIZeCXuJbapHsQK2P2da701wS69w8SatErJiiojqE-znLScnjSJMzQ_l_ug
111,Poss,Top,No Team,China,Challenger,927,ping siba,Q-eMucL1RJaW6ss4Rh1USGj3e0ZexEpQsWnKwV2DfjO2JUo,WSjoYKLpvdhXSlhcrD73ZfOoEK_WNm52QQiNHEysjkalKTw,LiUM0axY5_4qopF6yTuMs6IElFZWEa0NTHl31NHxHfxZU5y1miHjE9pPELotw2bNXh7b3B_-EWbghQ
112,Wink,ADC, eStar,China,Challenger,922,bro game,phqU_QxwjTX1kmhIzdRmDOCH1qJithiLWE_hm_NdkYc5fqz8eIgakQQo,GwDSXnT9jhq8EolO_DbcU1AMwNwZAQRPbD3cUr8x4m1voII,xIL00YrMGYtqtI1u8F6JXJtEJIvVZ_rgPGHIcNlsYxzAjpAsBNCqZEJd8EVP4nH_FpxfzpQaqU-0ug
113,Hang,Support, Vici Gaming,China,Challenger,921,Starryovo,6Aa9RcZlS9MUQ2GLkFl4QncCc_K70ixUUSTJ5a5YVZfqXHGRx8VWuW9i,YHcNsfJ2lqBr_FCLd9ggCZXWMgeziOkaTroiZYcr7sw9nMY,mbMPOoI00tymruhS-VDKgfPpFZZMTIv_0I0MtPVhi64_Idc_WHPgWtGz9UOAUEPd51-FJhOwpSqMfg
114,Kuzan,Mid,No Team,Korea,Challenger,919,쿠자니,KN8loUYezi0mdCy9p6LtSxOqlOIKKijmwBnCdyR8gw05_YE,46BtTN0fnBVytckFB6f4SGYuKpRCcmrL-YNJMY4x3tYj_JQ,shay2-i5ypLxu22s4BK_zmOZmVJjFIys7R-z1sZ2_j32nuRGh9fu-lExzyZ4Ispgfu1gWwg-wPKdoQ
115,Mori,Jungle, Oh My Dream,China,Challenger,919,OMGqx1328035572,GI9u7Eub-td_rJTnYFbETdSyfJhbiiEGFaQfny_WR4iv7Qc,TJRlm2l4SOQKjaTc1FOz5hkIkjXG-0RwYJEBiGzS63q1GMo,70LR-EpTHpYRa4d8g7fhogtr3qZFSq6hi2L3uWGQn5-ZUX5ljXfOf7Xd3KVmOdbEZHTbOPeCS7bntw
116,Clozer,Mid (Sub), T1,Korea,Challenger,918,T1 Closer,5wwo0vrdABgXoiSRjtVgVvhtfpUzAoCPx7-yj-MFLbN7Or8,i6A7Ko9AQjPlz85uMPuxBdjPsTXPVrRyAWab0ua3xjpRQz4,__2Wa6Y-NN7VZqO1PEbMuOwUVwSnNpUoKPiE9COaTttTcfc1Xk6Mg7UvDKMqKoioey-8S7fqmVZyGw
117,Jinjiao,Support, Bilibili Gaming,China,Challenger,918,jiozz,D4F5FsThYZ1H91kPudcWpJ_ZHkha-3UtNqLF2TXYuVg01AUsGjHXwbzB,O9zG-gOW2bWTuBi-WffVOD4YmyMYgwbOkXs9I7sYP8jY68I,qYmTpy1wrkzbouYUuV9ChInWj7cXVquHVHhbUF9PmGMhkYAtS0mW93a3LLlAqYwTO1xwyAAmDhZSNg
119,Mingjing,Jungle, FunPlus Phoenix Blaze,China,Challenger,912,caihongdao,QjgjWnchuVz-99T1k1GF6gPEbsXnLOpUgk-YbniMZiNnOMYBMIvGW_Iu,SqZfwL9uTIWdmKhDyDhCgP_TFii3WFJ8Hy8dSQJz7DsjLWk,zBvGob_TDJFAetF7N1XiaHIjDwlY3pJUVmZ-xof71GVdDKioxMiZ5HNhuD10NVOtrC0SMwHGwO-HUQ
120,LAST,Top,No Team,Korea,Challenger,910,FA Last,dL6GnV-ODUoQr_qexdBGUfbh0mEarflER2jwoU2b_0D0cRA,2_yLORWaNykMuYWpq9W064TpMp6Yj1yH5Oq3x5JeIFOTG-k,x2swQBwAqEoXwydlYgmgoOWAWHl0mH28sDV607Dbldpzb1DEpGrmrFEVH9CvR9z6SiEOL-mC5i4vgQ
121,DoRun,Top,No Team,China,Challenger,910,DoRun,o95XUJDN4uVp3-StftQIjiBK4--5zD0afOp5cdYzTa4PZCc,9NRhp5OCa9-RbXETUKRw8rtxkAmj8xy_ABc_kSN-eRPkn4E,36H7bKswScCS2mRh4PqAJD65iN2M0B4p6tP_Ueo2phITeG31WVrKjsgrPJL94SEo5mr6UtxpkwiarQ
122,369,Top, Top Esports,China,Challenger,908,Xxqqq,qbSC99qhFwHSkfHir2MSMamGeihAWUH2XttdtzhA-RgoS68sbWRyinyQ,r75XZToUtpStAYJokQMRDimMTAEGeLCyp4a1DH3n0B-NtIs,XSoJyYq0OzPhL4IXZcmvjYgbocywaim3tEpkOPJ0a0woTfBGTxZPT1jCOJ-1PJRbhQX68C48ectU-Q
123,Leo,ADC, SANDBOX Gaming,Korea,Challenger,907,읽씹맨,c9Cx5a1xFsCADq9hM1tiVAZf_vAq-A3MZF4jMqRee5t49Ys,4bdWhlx3s4L2a8PtK-kT2UE4FZ9RF-4S4COj8R_RMO8zxAo,qH-722nzhygOUbXZxuk9wOc25gLfabIwuWJVDm_OhOb-pXnikSFPDo5wpF3GtAyoCqZUJPOqA67nbw
124,Naehyun,Mid,No Team,Korea,Challenger,906,Naehyun,Gh2rOnwGIwYRocLShbZIrQrEiFWcgGRybhX9_RemkRGk,i0Jq37DDSu96KMkfBOK0Tgg64-_D6yQ8IdHvz_qVyzhWWw,Ir7HxGhaPCBgJXsWED31HnXfP7v3tedBFa_4xVDLh8rQFqFmAydWPih-Z2371DnBm22LxWjQu574Pw
126,Harp,Support, KT Rolster,Korea,Challenger,903,KT H4rp,mT66Dhldf1qHzEZy2cQa2I1FaH4gKMKYxZt-D30QZBfU4hAH9kipSJrb,_SWUPNADOrwWH8RAb1t2KuC1BxZGrSCgLgiTGlS5aYnpi64,ho5ORNL38rZX9QLCf4gVLytczEc6jnrcg_j1CdNYEvaJs2oJ65B9ETfiabONrRp-FdItuKP2jq9BLA
128,ping,Jungle,No Team,China,Challenger,900,gongtengxinyi,CN9zKWflsS1MZubeu5h34D30JCEaL_OyIoQJlEJfNQh2F2w,AqwGc3eubI1mmkIBXBQmFEKSx_qyBvKWowhsL3J0owkDLyE,jxCNSM5x5K_a9G0y4Rsy7-UhiOCLVhlp1cto-gY4BNm_PF5PsOt2cPbQzmCgjSXeXId9xpXwHwtUKQ
129,Newt,Support, Asura,Korea,Challenger,893,김도칠,m6wAoaRFuXS4-tizw-zkhaTLrbgIfE-lBxUegiJ7Sxjc3lw,vL7s7ytz7aktRcqD2vw44PFgxqJftHdWO2OCYLBenFwex0A,J_5bn39jnb-1Czyh1NRxQiWAoDj5BGlC7t5M1pb_cyeZdXODNp8i_4utUOp6Z3OVN0FhZWdTEIl6Sg
130,Wizer,Top,No Team,Korea,Challenger,892,FA Wizer,oCTCZfsN6buXN9TJowKUtmzBnbUCYXFDuob9_jFM6fggF6E,O-yx6wJWYvkUal6hXQRKayahK-L-6pUsrPpAMqlnm469V90,RXXebdECgd3_M5Mb6t5heeAKrG4LpDxB1rT4iziWWRPNESVNe7qcSQiXz4R6gx0N86nU5szEiWCl-Q
131,Crazy,Top,No Team,China,Challenger,884,CCrazy,_NhW_4Ki0Agb5OCGtGrrccl4Fdtv5HXHjuHBz2OumXKd,lJDtmxXxxrjLKclKBDcssAUihgLIl62VBBBZ22roDUD9wg,Fdy98QKP3ETtVtRklLfYu6AkJdai5DX6mvJQZb93KYjx2fJn0McL1f-IBn_vGx1hID3ZYp0ZQaryGw
132,Sangyoon,ADC,No Team,Korea,Challenger,883,HLE sangyoon1,sLVFnmO9eZ43jRO0N_cUIbRBjTzTaZv-zePME8WOGNqe,7vcqg3Gw4cOgnS--cPAJNSBTYD3kTg-TIB2XGmuChalIOw,Ij2C719QVeL_Bb93cZksLvT4I6pF7sI42yew9wB462GM_CG5hAvXYv2NBmk7-OIFuL9l-EUOWGmoxg
133,SS,ADC,No Team,Korea,Challenger,883,krats aira,OmTt_xTaHRH2rIG5fBHH3CR79DjO7WR01z-yKfi12EMCPx0,K3MHZlAK9--ePYWhU_FOO4z-12PPQzkrDHVKnyQtwEyWMGw,x6fK2gs2bR4vpYpb-LF82Q1skHrENrNxOWjs5h_q06dQYzyasdGcv8fkFhqvMJFvVinQygkpUwK8fA
134,Fly,Mid, Afreeca Freecs,Korea,Challenger,882,potato99,KZvpQ7JWH9W797xHr5CbuR9S7ywpA-FIcYl492LSZiG7Us-DnIu184dl,4FXHW7uXVdvi3QWDpqgTT_CNZ7vzdVhMAKwpSlTvodn0u38,C53fKzkJG79LbkvN1Ly4wyqvCQIkUNM3CBviYrh9dVjXN-OojwlGg6yYW99aGMnIyQ5EVx-aUd18Yg
136,Riris,Top,No Team,Korea,Challenger,878,Riris1,g8QiRokgzjsrklO7AoVySpmH7MA5sjskJ2xQDTboXug,hnZlFJ3IxoOh4583HYs_vw3FSvimW0RKrZnlTxYo6nKF8A,5JjDs3whBpLOBo9HulVCX_d45VZg4u1DZmVSnPm6MLZzfhout7J5WBqUedyjWdv5cJf8942PjxWYTw
137,Ucal,Mid, KT Rolster,Korea,Challenger,875,KT Ucal,i7jure-yb6Rs4NnJvis4NniVNK0FUXpSLmInku4GweCv9JU,woGjdRbkRFH29jq5BesmSJmaA6HaY_oADL_MR5r6ka2Wo1M,1qTz5lRJW5gVocuUSyvjpmqBtFORjcijAiIREu2Pww6Wqkq_KFZh4RGN092zwTS2FT2llfOJHSllDw
138,Curse,Top, Oh My God,China,Challenger,875,난 마,4zU4l8LGAnxbpAYaccm9gcglh2bsaas4_JCAbmAvNF0NNCs,FR8mURANut7lZLQ54zn2eOQdDK0UxBQKV9Ld08bf1AYAK9c,eWfFRoLDpmFbt2V6XbTa4lahcpm2ZdqTzVKCPCr9ZIzgUM7G1S7AZinQxgjok3Rw_bRfVtz-wvQL2A
139,CaD,Jungle, Hanwha Life Esports,Korea,Challenger,872,HLE CaD,g_lSFlZfkMK7OAQC8lhmoQFIMbAwwI1UiL8qE4dBSs37Ejszjflpl8fk,q0sTQ0RB5RCh2rXdanVfqM1Ax9rNbMJRFeYPR-rVNnMnyOc,KFKWshkM4NNkE0N-q_BVx8QFvPi433RSESrrMd2SBLqg4j86nHOqa3TGCKsq_YiENr3vMGD9C140Kg
140,5Kid,ADC, KT Rolster,Korea,Grandmaster,871,5Kld,0JjvBxcZzUodJTk6lgmbZJzbxHpSbqiQAy6Q8sezYNLnK4kYKJgnFZkA,4iWZAE_wUIqEy-joAneAIfM6geGw3fUfIt5Ox-wTwk3WW_c,2PzFe7mXsI_sXHNYN21zyDJf8RCSoW2YI-1F6Xk6G66x5T9fQNUvql7cga86VsabT1BBIDZaukpIuQ
141,Natalie,Jungle,No Team,Korea,Challenger,865,FA Natalie,3zZSJaaIGYpboMmSMHQlwaGGshjqBJgegZvWQZpunzWXHC0,WB3lzdg72F4n6h2dD1DB5YTqqUAcPlA82zR0LTn2rVbh8zs,0g1vGzjvpD3JVpQy6kaNk_HvSz-3Ne-veL-Wrf8EupxEHbvgsfgXovH5fkdkUgL5A5OEYxwIUessvA
142,GIDEON,Jungle, KT Rolster,Korea,Grandmaster,862,황제펭귄 5호,tTtxjh3bug48WZmDnCfKrbwQk83qaEZ6JmRkw4v5XJhns6o,vkqXrq0i2u3ShNDunwdR2pt98NnQpgtZQjODbRPW6Z70-BA,_p6-eBAMq8w3T4ismGF7SoecIACYTHuNLZ5Dr3fvawH7RNkmYTBFO4fhqOjCYBvRuaNI0qiUa2N_NA
144,Xiaobai,Top, eStar,China,Grandmaster,854,SSW장형석,htDln7cL6wPGf-AFuI7ZTsQHuj1Mvq2c1KhmKGOR1iaQeVvWRnQVE_P_,FTQ1qePCUmf3cMb2cmNDYHmfTSlq8dGAZAOXylQBwWS9VvU,aLWnmVX6DG2Nh1wELY_HGe8uenGFyVqCR05G9N8kP24nfD3cctnk_kFaLSsTUxos4aNPRXl5zFB6vQ
146,Jelly,Support,No Team,Korea,Challenger,845,FaaaaaaaaSup,m2ggFxu442AahaUjcsg3bIi5L8UC4ys4fam8Ih59K822PuU,HzbKJhaPmspVBAd58o-IVOOeEnEMyFoxoBFY_wKObPRjYpw,__gKPqPMCDVFGtnsMrUU6hlhS-xtcc7WPk1luFMfgvYrgcWh9Ylp_rhFJpAi4Cm2uklW8iBT8-BMrw
147,Hoit,Support,No Team,Korea,Grandmaster,845,호잇이,0Eq37NqYdvifaRQA8WiMTkV3NlFQPHPVKbYZqJHoGvuFxzc,JFIKn5TADt4mWoXgGJAzIFUPv6UcVF0YGHwETOhFi5tczrM,WgqKYS8mijK1Nzg3XG3BqhQWF0D6vYcc-n55c1_z2qc5l6l3vZoC8cXa2PO-aQB8ImXpU2DaA6d0XQ
148,Shark,ADC,No Team,Korea,Grandmaster,844,EM 상어,GbORVoGpICAyAC8U5ohEFEThG1G0CnILICPPEk3d7FpTsY4,hNpwnVRjZF5sGBQLK_6p86GoZdx44UAcZ3j4McPQMYk4YVU,6iiAx8CpjyJDVC0OTB-TYA2cnqC4GHtb2xCizI7U3vp9cgmmLAPjq1KjM2a91Q_DFXdcATN3j5ZgEg
149,HP1,Support, DRX Academy,Korea,Grandmaster,842,DRX HP1,mCjh8leuDCeY6dYdoPUavDxNakaFDSF5xA-j6DwsvT5yHQtJW8mbGA6J,FAc7mhGsqrvT0inKsUxEhv7gpxfmjIy2ATYa25k9W2DZQSY,fCYA8IrPYMxlH_GuYxoXUmjgMm503QvdoQeJtI78qRrZ4DtkFWrne7ZyspuwIwixl_6XKUVzqGVvRg
150,SoaR,Top, OZ Gaming,Korea,Grandmaster,837,망해부럿스,WNFYsQmCPGVvpSUjQTQs4-TBKMHSMgbUi_7Mx5TGLyqM,a01q4jKtesS0AqfLEmKGjS4ajQODsWSwlEa_XqkpxYxzSw,5xg1gyT9MpC6cPGJ1qIoadXpFLhpwoPipAig7d_S4qdvIdlgE8CaAhWA8qn9A5aolu4vLLrbqNvFlQ
151,Muru,Support, SANDBOX Gaming Academy,Korea,Challenger,835,SANDBOX Muru,Rc0x8IsN2RxheXsYDwh_M9Qd8jbHRbKjwKhSngNxm3R42SYquhCVXhdU,uEJQP5YF8TlU_zuxP3d4rDqlbWdhFBPot1LIUgVP8ZPxvZ8,LfwO9a6WDag8s1gC690kmH7Rq-fJgxcj7CLhXuE1CCb2TYSqLQ9GrU-kjg8N1a5O0KTyd40kttd6Vw
152,Life,Support, Gen.G,Korea,Grandmaster,835,곽곽보성,cN5I51HISnZ8QpUozxvfWMw_VevgF4ZrWBNu0uggux0M6Bs,Vnhi-Zai4WfMECbZvpwwTq-KtJbXLFN-bYp5bMY3zt1W3mw,acR7wwWvuKtrcT0A-WBygQnwXSYjJhfn97cfWWSwua0YwgknY5pmVSKzbqAeR0YcOErH_WyxrCKAMQ
153,Malrang,Jungle,No Team,Korea,Grandmaster,835,malrang123,MwW7nsgcQ0FgzBce1Ngg-QgqS_5lOm--o7442-QXLUU_ljo,0ficK75EZe1jyaoAFajUZ7bIjNQRcMvJ1BVE2JSyYmAiWrw,nyXFNOr5xdudCpxPSX21M3RT1yO-BP45SF1rvSBZSUtTdvDcaL-as_R9P1udS903GYmz5DcQGvq5SA
154,Mask,Mid, Hanwha Life Esports,Korea,Grandmaster,825,juayo,fUVTUyK0jVS_ARO-vt8MmrqGYYgY2vMnEovNBY1Y-v95YOs,NQ7d5Uk3Py248nWzoOUv8tqS2ymW4NhIQzs2UfpB24_z0uA,6PS7Nj6h4SXA2zms5nlJEM2Dm7g_q3WMkaj2IYKad_TzOI2NfMhVEaXtwsfJjismukNYx9Z1se8Ywg
155,GALA,ADC, Royal Never Give Up,China,Grandmaster,821,white linfeng,aBEc5C35aq1WIRTBjjjotQhLnWpmWDBJaSk-mUwHaHr5Yh8kOkWVbCzX,71bPx2-LJbVHw8kFmlpT_GryDlwGQ3HFh76wQ1lD20yBHBA,cnvmc_w_Qxa7HNuDo-FpugjlDe1CffySY0GM8JfXwU0i7EIFszpejOOaMx3jL4roGbn3ImVgn26B4A
156,Wings,ADC, Bilibili Gaming,China,Grandmaster,820,wuwangxinan,uoI2i2jcsoWDK-I2O3-268kezern-jjbX15ycB_MJcBhthRqaTOJpwPp,yZOn5FqSjJ42HzE5AQJ815b09yP0hrFNa9cncF6Egl6VHgQ,kKRW6yMyAKKlJmzFmN4xG4qWjuYnl7eVtSOjxojWeidU1Ha2kShlMc-CjzN5ZqhFR9AdyP1foCrCUA
157,Jun,Support, DRX Academy,Korea,Grandmaster,819,XZPN,JyxfOCkt18qeea2NiDTcR8rWkSodH13o3lsUfdLnJwBQ4HvB3Gu4T5Ji,bS3KjzweGmHfavSzuJq_A81DM3y-nIpf5Msj-EBNa5JNOlc,IA8Ohb0o5FKIyEOV1VmwZ9SuLycgLWYo-zaSUR5HdztaMPLD3KfcvHAUFe85aosNKY_PLMc4MyLeAg
158,Meteor,Jungle, Bilibili Gaming,China,Challenger,819,BLG Meteor,Xu6D7fp9RtU5JtG91bT7kYuTqDh2l3bTFCwh4LOhfCHXVQRJ9F9UI7r6,EJnXAFUmDqtHk9T_3GIkSwXQKTNK_uktkcMqmfacXWbf44o,K8j7lS8lxtz9dnV9bbrsfg7gezjxXbX7rUulGEcWtyiYOQh2_6xv0RQUCbKNhADhBdJRhrTcIAyyiA
159,Hope,ADC, EDward Gaming,China,Grandmaster,819,jusaka12,MdMVirD54j5QmfnsaZyvp_keAQAld3B9HLReyplvta4_nbNTdYJZd7gx,QvrXkr2OK-R1LSD_kmuvynT42AiwIBDAZX6TBvWq3Gu0iq0,58CfO3Nb0H-XkVKWpX7aW1tN6eFwv6PWJjI1A6TZypJCbSaAeom9g5oQo1FavxxG48jHWmf90hKOnQ
160,bonO,Jungle,No Team,Korea,Grandmaster,818,아라가키 유이,5HZs36ohhcErPjzEzBzX1OzUaBdVtsWedG0td25rh8Hf15Y,gxYfAho1V_Xj0cRM1tU9uYXjY5BG54pSkliqqijcyjfdy5c,tbJNkA4o14hgKQJ_5Qw1yziESJoWvrqLKrgLkqj56ORHVU_WrGpAJoz3Qvj9JnxLWQTyoftHlWTgew
161,Kingen,Top, DRX,Korea,Challenger,817,DRX1234,i8O9Z1UvtUhlk2OEEAEiSDme_d19u3H0EZhcJTFyyJgKeQk,A17eegdy_nAZlvYpjfCw7QkPR5Fvuksc5QQ9FE94Awi37j8,O3QAJFufpEU-Ow2FX8D9AHW16Obt0LoT_PSTQG-vHsIOHjzTMRvdubXxHC_pHFQ-Jma_yPw7M8vSnw
162,Stay,ADC, Team WE Academy,China,Grandmaster,815,Adachi,8WeVJdrLz2QXDF3e7GbhuQ7o1JAO4_U35ePzjb2z14zh37hrgiRR6XGV,yX2k5cJdDViPTZpCGXPREpIpsgG89xZpdtaz220gIsxSTVc,4xB1OmU_XRE4EI5eijyLB2nCWIgA5aTcbnqLobbW-91IfihRKK8-Q4Bu_BhdpNGhUpuM-6oO4-JEVw
163,Canna,Top, T1,Korea,Grandmaster,809,칸 나,7ppaUR0VO_p-Mf5oYjNoQ_xx47aLPh3yi9SsgZvdccdmJK0XePPLHM7j,sucMBUQmYedjQJXMaiYoHnA7IAAqX0tid5ZFKYfuj2fgThs,q4Jd4oZVctVzJjM6YyGbh_gBefOTwZ7l26tkWOxbFUN6se3o-e4J5R21PlNMksE_fFnnKAvdnBgNjw
164,Pyosik,Jungle, DRX,Korea,Grandmaster,804,DRX 홍창현,d9mnv5q6-EO-JgzuUaKmcpTDCJxg-fF6MaVgCp7-3XXYEic,7_egYquQRU6_9FHFCFbqy4sm7dJCzLGUY_Ovv6kooDmQIqM,ws2zEX6Xz2oQxd-7zPDHiZ-dkbbieh-SqViONWyAHQ587-JAOj-utSBP3tKglzy66xhGeQDuPQYFxg
166,Yagao,Mid, JD Gaming,China,Grandmaster,802,운수게임,1ElBxX-V87EHEkvVxcGGFWCkYN09zMzBrntQrzUuUTDAOdI33155TdFk,dgTufaGxjzM4VcZY8GFwXcAlqlp-WMt4knolBftMCMz4vOM,Ja5JA_XLZeJemECnqdzdLAkw1NSbkH-sWnSJHwG94QfgpYf1-7N82nOoLd0THzLoUE8tbjr5Xs0IjA
167,XinMo,Support, Bilibili Gaming,China,Grandmaster,800,XinMo1,ng0Efhg5Yad3wVr_9EQ5UVKKgYDZBUuHsSd5yvBaFn26rwNnZ5RBgZ4Q,532rrpjjZZklh2et2hvg6Mit_Xaai_yj52Cqy71-GT1aMkU,xh6ap76-60VZx_4yetixLOO09FsKcrTlOxPGtbmS1iA3NFp2NajcJCN3lZceWpEAUFrDmLvhpQjTbA
168,Ophelia,Mid, Gen.G Academy,Korea,Grandmaster,795,Gen G Ophelia,507fC0A4tDtfG8xmE2X4ubessc13hMzr8auTVTQoMR3m39c,6X5zDCEhEDWLzOdlKhCwDNSTqqjY2uIjFhnmcr4r20WKuNo,z866XIVSRw5BvXK3NnB1op5O54rA4geQIyb94s8MBRja0sIZq1s7AznPtf1Y9ZlHtRMY9_49xyLLsQ
169,Puff,ADC, Invictus Gaming,China,Grandmaster,793,yyyyxxxxzzzz,idhgfqIyc6pBq-keQVtu9vKUAUX3x4zrHxoqpKMG1J20WU3HgNUmid-B,UWzEbXTAnLZzuFu9YHlAq3hKK375LXWCF7kLhVaHLfWN_cY,XifBC0IVAejb9tqvLxNjbo5E_uueUTLtpq2mt46gM-wbnyGoc9_sxhXrDNCBvnKR36lc9uX2D_umnA
170,Kuri,Support,No Team,Korea,Challenger,792,쿠 리,H7sYTEoZcnh9m1UNo351QXMoRu4-iwnWJv5pR43_u7rL8bc,xTsDAkHBNZ_yK1VGcdVs-sbKTSyidJh2Ez5xY219FtAqL2Y,KM87kn9tcKJJ4K4eRl0xd27HL4ZfodLqK2BAdrLtPBHFt2XciNHMp2Sr0cQPx172MS3m2z_Vjlqr4g
171,xiaohu,Mid, Royal Never Give Up,China,Grandmaster,789,znhy,4KfDjEoPLK6IsIJ85wxM-h6k8Eaowro2Yx7bV6rItSI,mhCpDD4CoIfwaQ9ysoKUhVqnBk5nBaCDq9ZJxGKGFVSuIQ,0LG-JqEcir3W12VLrqCdTR5Kr1uTbqJJxyX8JICRw4wqX9VARcK2QeMNiOUfK-UREvzTg8AgT1CriQ
172,l3est16,Jungle,No Team,China,Grandmaster,787,랭겜에강한남자,IjqwlXFjENmf7JYqE8XSUpXBFqhp71HcVG3ZLv9r0trKUkHJFjkSMJnx,WM-eviS6-C6ZFjF4B9DbtoJUCAqKOXhcLvFKKuXXR40GJyA,L9tv4J22yZGat9q7ZPesHSGnY_z3Q8MDytR2ggvWCdbNj-2DCkEcfOCmXUWqeYd_X66sb25YolMHig
173,Asper,Support, T1 Academy,Korea,Grandmaster,786,T1 Asper,8lySOgFw26UarmQ2MBc-tK4FU75lxdrqNCBP2FNBQ1bLaoE,jAe_qOis4iLIrrqe1pyQ_-UXo14afIRRfQeoCJN58r6XIh8,MWpJPk4J8U82dVFqF0VEqq9FHVXTNWx4ohwdBfCHLDph_Ynzwt7HRSMUG46Z0msIe-B9exyZTFisqw
174,Rascal,Top, Gen.G,Korea,Grandmaster,783,Gen G Rascal,K3eEF0XIxVVy_UO_e51oxUB-QNDM5VtD7nUCuSVg-Lj8HCo,_0yuWpWo64BzHMbicu4kuK10noqLau7x2Zc0lGx7cLZp2Pc,CquTmUElU5Kt3E2XX8pA4zRmrJQVwc2HMy0_Mulb-oHSYmgUy6NSOfTYwCMH6Oj9EWnHGvImXbcyDw
175,Teddy,ADC, T1,Korea,Grandmaster,782,Teddy12345,C94AvrQ8JtNsiTA-Y3vMRTMXJipgqhSTh3Bj78JUFnBlozc,1-GTEdoPPhR9Va2R5CMxT3qGWpdwf25UlK18cbvoXXkgQgk,tk1G1k6qh1aR1bqnr4_4V1yPN4wO_8UmFbES41GiUDbF1w8wx6wmHcfeUtYeAbdg4DjR2EgRA7K5Gg
176,Southwind,Support, Invictus Gaming,China,Grandmaster,777,buyaozhuawo1,hqImAEu4ehxNYQw6FehmyO2XgdyHcnFNApLczZ8S-YSPDrsK3ESzdkCZ,c122bXolTYlgoxCBcDM_wzjtgEFUFcA1t7tTDqmUZ4b2yKI,RakE_eWC_cf68pQfwKkPLx04mW5SvRBc6AGNZW80ucUhZAbeIvpT51QuUzsnWvXZBBRZpTQAGO51AA
177,Twila,Mid, TT,China,Grandmaster,777,reaIIyreaIIyrea1,88UdHA8tkoOS6EpTZB74Qkd89VALDERS5zn9SnhRToGOgMC10QTGbz8U,jR4Jr29n_OsQrCLniQbJ9uNNEDKfb1B439peOxPHxBdp2W4,1Oaov0_KxbBmK6wIRjE4iyT9jLBvLlxKSBW7dxuLlzecVjy-_BcepS-LX7CRtBWKyOFDdmVF9FnRhA
178,Cold,Support, Oh My God,China,Grandmaster,771,불의에,IuDAoMLLzxDM43xLbh3rbNNkpVSaL4lo31-ioCZruGvm3RI,G4fspMy-qYpH6Td9aHmTfXu8nMVusE0bGGw1dJb0MQLAtjA,Q_Hp5hsVtfDQYKn0x97xjsdDHuvsVQh2S1_ggGTGv-ibhzqZHNNww0IN_Km9zryee9SpfAQCZhjxQA
179,NaMei,ADC,No Team,China,Grandmaster,769,FA Archer,Y94ytv4x7LRbxmGtyQH_bUFP_RlLk_zqbfm3sSZRWLXypfkmrpd4JFN7,XTjx3XzQprkK5xAOUsbw4nS0vdaKqxYDbjKVUk273NY6deM,N8M_zEgaYa6WNqVt6YEeZeRXAN8bJshgJ_-KzbxEdmJ-CO1oqPi-Ig_qB5XKJQnqbFs5Y91vPUsmbQ
180,Baut,Support, Hanwha Life Esports,Korea,Grandmaster,766,HLE 보우거야,8Doe4H-48xcIVe2DlH2aG9eMvWs9Qnr6ENpuwV1z9XCtxpY,PMF2Yp3vw6_z139cSgmycMu_0-BKCO2xB5Wn_u7iQksgls0,3ikeL8cN2DXf3Vbs95bdwJ2etoqVDRLRds6kd1kDPXvi3JjeRuUyTw88a1ttyOBxhjs8n3Vum9tPNQ
181,YeongJae,Jungle,No Team,Korea,Grandmaster,765,깨물이 드래곤,kdlOxTpajfrYdTfdRPASjkx_iEqntRnzFlQPKT08BuotW65Kn4PP7N4Y,_eW1MW4CgNNGuUxU-fxq_gr3PxAJppE3-DEQ_qdZ2Scj0GI,g5KC5CrLWNXmw4chwzn40ulB5Wbp2TiQfjE4sTqEyQmholCYjL7_8CjLSs9pYW5gY6-uQboPehZoUw
182,Stitch,ADC,No Team,Korea,Grandmaster,764,Stitchy,EG_77xA4GcklKq1JYVkEnJpGG_dTzT3vXhd_zOAVDzEpJ5o,c25yUZgMaUvDoe1ixHYeJGLjHqJhQf36GR_SZcPY5VDeGiI,4_vn47kGJZ2nZj4uT85KBpFxC9ryT5e5c9mSFyw9bxIV51KrIgmBh0JlvTFZ98iia7GMEGZYpmd86w
183,Maggie,Jungle,No Team,China,Grandmaster,764,ge ju tai xiao,j8tvjAYSWIvGwUlrVLv1Ysuz_v4dwD9ON5CmSsjNSYnV3J8WsDl8t7sg,-fIKLL8oyHahlP8WV36MZj7Z0eZtMQtPpxuU7foZkNwIMX4,HsjDnzqK_OPWjFKxJiGwag9VcLcP17AqD5updXJUBMLkLSvBGx_93zZd1qGuvA7jBBYRfnlNUSkWng
184,Meaning,Top, Gen.G Academy,Korea,Grandmaster,763,Gen G Meaning,t5SM938ldQzEp5RpkdmqfMv6hZ52t-Ijh5SUC_N8sS7wXuw,8jh4FNfz5KCVaAW-6Ns9RCzn1JFo4aDuOBFd5EZ5Do8Vwoc,phNswsRWV3dgklSaMd2siKvo1d78Joa8h1eFZ0BeaxOqMfffWK3_cBI2DscmHthjyoTqGbSxT2TZZw
186,Shine,Mid, Hanwha Life Esports Academy,Korea,Grandmaster,742,Brush Eye,zIZ5zZMaIX0kJQAzrV8Q3Wl_HniqtPuzMS6cq-kyGg-p4Qg,jGUinHNZxn-S9wnfeGtgpnFFDxgOUbeg7rMaBQZTwSpuE8I,LcF7TM8ukZ-7EMWeX8WIwHQ2jwFPFtr1iw3seGQE6bEpjxtFLLDBmC7andjuLiSiKoq0gWNKvSlz4Q
187,Haru,Jungle,No Team,Korea,Grandmaster,741,98 Haru,TTOn9HjNxdAsurvmNfaYOvrdnKMGpUttYnBavjORw9dyxmY,It37ISy3O0_Uf1cKXxMzrlCa_LpvpF1vmhdX-80dOQkoqLE,1-VmsigS47SuJRAAvLZT3qBvfkF1Cks1O3L1Z8JuLQP3m7mexvTarw9XkWn0pP2yLXUz-8zcWSvfFA
188,RangJun,Mid, DRX Academy,Korea,Grandmaster,741,김랑준,1h4zS-_aFFnHMF1cWzGh1n0Z6A7-l0Zw4987A8LHoV7IfmE,gWoC7ZG5AkWTj5xMZZqCF_LimPH7yuvuvKr1iPU97NxmkHQ,kUXZ9cqMZF0TgtNqydAHb3-0MRJUY2IVEiQ6F44W-MccgeWzzLj44m7_GiXfo0r1hd2IP1ViqY4cOg
189,Weiwei,Jungle, Suning Gaming,China,Grandmaster,737,zzzzzzzzz2,04bKNAc-AOuMdckMN2Qx_CGZceH0SIQJizRGLXV02-bePj_3JaTnCqJB,sRWeoho77c4o3sngv1wJ2tI-vv7N_zhtqLCWGdo9W1_cdwk,jP0YCi5VQ0SSpzVRzPpRrDLm5VptoeD-KnqTC3wwDaK_afsj19gyyWZ34p0ChywINxK1NHJNyq-SIA
191,Dread,Jungle, Afreeca Freecs,Korea,Grandmaster,728,오리지널찰떡쿠키,NLaPt5csW5R6yeD0_NgAFyqx2aMwx09h_2a0ssC9ax1w350iG6xcCpJ6,1Ot5fsfdTyOv6L6fCDafSY0sjx6bRm95YAYquYGqEr0U1qk,ShLHiX9bbmiO4iDM4mQih5HKo3nvffpCprbLuUnk69uGeswphn5SjVmtT8AAWrpuXws050HZqoN6kQ
192,clx,Mid, V5 87,China,Grandmaster,728,tttttttEEn,0syIw3SCtc2CKDvGXV_rxJQhDVNsD94J0kzptmjClKOd19sxRL6LCDtq,RYgSGqdugWYNDu058O8jHQIiyhxiF2VtK0k56RoOeKIISec,5YM-7-xzWbxtC0O0cIwI93UDNH5R8IoC-SdrtH1hxx8XHr0PS0sLaAok62ZSWkN_cJhcG_zzWFpRNw
194,Mia,Support,No Team,Korea,Grandmaster,723,FA Mla,0373EVa-ug90f1XRtdf_ltl2O-EaCrFWXU2YPjqST9_yUyc,2xPMt37RVd9OcUbKm-DrBow89ibKXoDSc4LK-DiS9a1OGtg,iCo2iD2oWWymyPc5aX6ACafZiXU7RsG_DsMxuyjatNPprKu4hphNH9RUMRocIFVKfScrK6Tu2g6jFg
195,FireRain,Mid,No Team,Korea,Grandmaster,722,By 불비,cjwtbU6TxKrDSpJgxaoIX-tt8WJT5Dcqm6pu5Q7hFtqmqqg,NBTYzGspEawZbDLrPIlPHtcwqvknklJVLOAfJrEXfklP6T0,TmkaknMaA-Um0ZoeURM9LiDK74cDDqheHGzc2y8o_KZdiXj8B4wvvqbze38QSjFNDhem-ngXdCaTQg
196,Serenity,Support (Sub), Awesome Spear,Korea,Grandmaster,720,유럽가는세레니티,czGfdYJHwDhMsO_fJnvw2kX2Rco-WmD1mx8dy81H2McciTs,Ahrwub0feEd5rmGAJw73Z04MvoFPf6wFpcXRcVKPQPeBeiI,8GwYWhIGR_l_GBeRf5na4qkGmILKytupSoSOJF3n4Ioa6oF-Z1-EogSPequ8_MNR9abIH20BgWmq9A
197,LoveLing,Jungle,No Team,China,Grandmaster,718,다시일어낭,OrMhA2PydWqctBG0z5VsBAZztDvFcM2gS4pHHym-P1_OtOM,_ww5CoGGptlfyyjsXhtlQqWm4CopyI-H5zPevsghgvQqpFk,g3SoI7G25KHcCnWhFjJ4KwRDxOPWbg1mOlsLkphFAlquYLWjkSeBzPrV9UNhoMuUsF1yU4Sev7ITOA
198,Wei,Jungle, eStar,China,Grandmaster,716,daydayup,y26HCHEArCd6lnbCe37QN2ganLGQvgeI8zZoPnLbePZL06rtyEptCJVm,xfl4j4Tg9XoFIk2Az8dPAwtmTeBX_cKMAcfbyah4CYzHaa8,-9eTqYavvIxrEB7rSFMidLsmxLQFBd0p3002r1jJ94NsCChfDrI-vJoZq82qEJZV5C6ezt-53ccZfA
199,Revelation,Support, DAMWON Gaming Academy,Korea,Grandmaster,712,DWG revelation,3dm_f20-qEv4Zag-_bOi_ycMMitWvkFD9dcbAnml4RWIGHG53wLxzpoo,eXyyXTxm8R-TCcUCe4kZ-T9xHWUY-CAxO0yS89DcaqS9MWw,nNTFbLnLVyo4WSzD2s73oD62MLXZtMETgK4vkLZi3sSPg94Toi87Zjh0NeRXL-fhWDdo74OPU-8B-Q
200,TaNa,Top,No Team,Korea,Grandmaster,712,Victoria Island,lN96Na3ZYJE2vGeKkarH7odb0OcH6UtBM-TJY_k6dtAERhk,qR2S50umKx6x-crjA9L3mWOVysUOUH0BNovalQJru13MOy8,9cxcCY8KlNoBhtW3GHe1TtuBJXzjxVfqXhjn5oFhAadi5B5wiBAh4k5uVZeZuaoxvTOH3HZJ1_IrYQ
201,Thal,Top,No Team,Korea,Grandmaster,709,ThallahT,ALIeniFiwl_I6K49NlkV4eg6AtvoNvwssYGCAlu2MJMr5qw,gLj0l1nXU4SsGHwuniEaRSsS1ZmM8CyV7r59GDfi3GZmcjg,pfNYwHSLK_5K_F0mX9wbSZZLKT-c-MDiwYjt2EpJfLUgBYbLJvpdUgMsgDf7E6GdDB8f_aHNtyvv7A
202,Kingdom,ADC, SeolHaeOne Prince,Korea,Grandmaster,706,SP Kingdom,4pl-ZTDH5hZs1FhqBtL0ba0Qhol_fpXyfJrvGqI71M3Imzs,_Q4uPzJC4o_exiyoFnw3pF05XD0IBgoGAvTmZWesVMglNt8,2s9o6umSQdomkihtEHPRF9h6M49r4fC2ZRaP60YZKtQ83jKKegs2qms9odiG0UY_LL_SVP4MYUdK8g
203,Aodi,Top, EDward Gaming,China,Grandmaster,701,eren헌터,0hAp7qRG9zqqtDmYjypc8r3hCNr0u8GWkMcskDNfuXNA,aDzTFfQLr9TrM_9oPFUfhxwgrQLXChUjz5mVXN8JqYzU3A,q_wWfRwTRO8gv0V1FU8BTJOiAWqA8k3KYGhM4FCm47vuAmJdX4vsvJbdantHWXbzjaUefSayxP-qSw
204,huanfeng,ADC, Suning Gaming,China,Grandmaster,701,cu xin chao ren,yRWkEYmKna6GEmW_Phzkc7GXYsGt-N_qk8_AHRzhH1lcf9U,rZinpomWr4d6Oq1X3k1T_qJGVGJot4xLksr_mqo5JWYlyMM,SsYAMvt5J5Van-lQKTyjflthHc0gZXeeQCWKgiDv8lXJpJmkYvrUzLhxln2q5yWbun1HyqdYDWEypw
205,Lindarang,Top,No Team,Korea,Grandmaster,700,간다라쿤다,27j-IObrj5VmgL02G-PqHDdiFCTocuFBS7vg1rahRMD3wbs,L1tPDsmKbOLR_A55dVH2fUWxP93FsVsYLkSLCxP_Ri8KKpo,PzAjlc4oMFhYe1YHBaGGgErjLdU0xvNf_U-0RLEjNBOP0C5yWweOolzOjgRUDkS27A0J_peDQ9Iaqw
206,Sylvie,Jungle, Team Dynamics Academy,Korea,Grandmaster,700,Dyn sylvie,73iY9WaiZ8NTi0im1I7aCCKNpfKts6slX18reOcilFoUKU9puFXvqEFO,s6ZoV7RNFKhW0kYPF5vqo6-5eSLbpnkRLmC0jrI5u7Mm4o0,P9ItWG1GdppgCiKbspx9nj3Ap0cOwoYk2Y-y7KyEvHmmGwJCUSE91fNhj6PB6Bs-M8lMm3h4vfQzzA
207,Reheal,Support, Invictus Gaming,China,Grandmaster,694,a diamond,86VAQbm3zwhfVRT6LWmleBQo6AZHBuH2ziuqPf4VoHmGpZWWSvo5LNVT,h2l8tYtS2Q93j8t38SPghYxPXZZ3D5YS4MVy_s_p2S6bLv4,AQk7tkqsHeAvNnIEStxOJoEveicrURXJmToCD8frhJ40HC89UOfx4Hh32g-Umlh_chh2GSGsP2RMJQ
209,SUP,Support, KT Rolster Academy,Korea,Grandmaster,689,KTB SUP,IcRevSTMPSYV_-ymimr5MxfR6Bj3IScK66Be1hvJgE3rR0U,yUCI0Cst7TPKATVajOHdB885ON343gVRwxV0rYlkM4vcoLs,m5MEnv6b6p3JsaoBrEkXUahRUhAS-DrSgYNiLJdaj67E54WUQs94vNFzgpifZ6qd4QLWqC7TTUpbjQ
210,Nuguri,Top,No Team,Korea,Grandmaster,687,해맑은수달씨,ychyFTS4WnFsQbMMlrSVRW4HtvnScYsUdiXl64nEwkttJnejFaXePlLf,RO6HhiVL1tbsFa3goHXd_Z5drlay58bYTsUw6CeuPA8yP78,4o8MEIhDtKbY4XPWbWeoru1ZAnXw6_SKIYizSojWPAtxX8WY9ylTjsjH9TJ2lazPlnmKSpZqGmgYFw
211,ShowMaker,Mid, DAMWON Gaming,Korea,Grandmaster,681,MIDKlNG,jzz60svgGP8VlkNohjCZkRxN63QaCDUcd_Wvith7nMOiZZA,P78_tG15E61Qux5ii4fojR6r26Lu60R25lGxiDfgoxVUpWw,LXZrKrj3dIi8tia4cmTLXQhWpyGWSgYD7xjXQBL7VzTpm-zqu-svZf5HzT7D0aMvWCLvpXqFUrxOGg
213,Focus,ADC, Gen.G Academy,Korea,Grandmaster,680,FA Focus,3z4eisY9bZ9lvOP6QjlHCdmJqiN9TKWUU1s8xihAv6xYuwA,J0rw2ZE1xxumv05M1bkPb4g8MsKXKbF36qK1bqN3EEIOxWc,skFBsAMawkJKfP8B8yCZMW9YbmWmcrfiaJ8r3IxS2fWx4nWHdcm7NQUkiO7j_AGO1niFNC9XeVVRZA
214,starspring2,Top, Afreeca Freecs Academy,Korea,Grandmaster,680,StarSpring2,I48MenRcKvDJPfSXBmbdqvSyphj2QC2SGIufAfFfj8H821-oxGrzbi9v,d4nscmX360GBjvMUdUAjKDtqZh7jgoG7hMB3tFy903ON1zY,8fchlY2Xk5_XYBVB-wIy7QBkne-l1ipeMBbXR8U5ntAR5SsiFrg0r7qhMZw8vVHHBwCUeW9fVuPqfQ
215,Ganknam,Jungle,No Team,Korea,Grandmaster,679,BRB 갱남,2nuN6RfEYCwBvIfsZIwRq-iZz3aoiedm1S9yugxtTUdHcm-kBwtjyyrF,yIxgRwphOst6fQ4ICPWfEUwfQQx4F6Pu1bNXXtnss0DorhQ,M2w8C2sTk2TCeypRCbDsLYhT9dBDcEBCI9DwePKaYUnWpOoaDeXscDuAfGWwJIrTNGKTH9JtfWJ7cQ
216,Ben,Support,No Team,Korea,Grandmaster,674,이해할려고노력중,x7CxQAE36DgKP8DMTvmZlVHGgECKkMtQCZPc30YiUzMGnFWqo9QTHg0I,EWCTeovSjp7ulAQVQpkrF0e4v-a-lH_5tA4tlkdgBFmZez8,zalR8sz7inJM1cY8ZRwJ3tGbbp6M_NhtHCm4idg4Vi9i11vhLLvCEZ0AGhuqwiWeor-QOHqHjXClhw
217,Burry,Jungle, Afreeca Freecs Academy,Korea,Grandmaster,673,AF Burry,KECIXwmKzSbnzOGZWUbbPUBntYNovBGFQ_onzzzR6ypk_IHTnIzWF5M1,DtkIw66HjXsSxAPzOqm_AR5u6QZYrhZw_KWQVIunRXg-dGk,AACfUCFGEIi__IaW6Uzn7OfD3iU6dvOLd4UkFGkbd4HvZWCUPYnRYNmrUbxk5ly4vKXzFyfXUC1HkA
218,View,Jungle, Suning Gaming,China,Grandmaster,673,No Patience,zUyCzacp996UOEu0ZKOIULbtMtQEJagrvMGPjk0XENhrsiSjAOPEUsgT,fDd6IE2sWOJMR-hPc8CWD3xsyKa5M7xjeehAE723-jDeZPw,_-fy6QLg4CtaMivXnSMMiz1GP44sVwDtEwU-XwH2gobB2CIdJketQCb14vcoZcqNTF_PgTVdXRRL7Q
219,QiuQiu,Support,No Team,China,Grandmaster,666,why me so diao,5SZI8Hs2XVpKZIfYpOUFaj3_-5JnUDl6Na5-I6cCtzw-s1w,87_7rEnbFbtVrBdZ5cOX4_X7E2yyiM4H1ahLK02t35NsW5c,EnWSGtjI91_FJXIvQyYvFnb0DWRY1_mbOb9MqYzDDsOsNuwZcxEesmWvzlCOr8LZe3AzXqrNsp7ruA
220,Fiesta,Mid, Team Dynamics Academy,Korea,Grandmaster,665,DYN FIESTA,FSPF9-tspTNyBVuEKF3xedYOtYYyZbB9Tl6lQLQ-jlx3-vbDLXHWaH2k,3DWZQTmkT6VpBSSpmRaHU4zIJU77BnyYWhcP21-otR-iSLg,BwwdgNAZ8XZgnrFeSaX_R3ZZO3mPfaZ4hURBhNJU9gXuoxLkGhzp8rLzXaFkcdpdQBlfLKVc1vhiiA
221,rat,ADC, eStar,China,Grandmaster,665,milaoshu,7h5m0MYEf8pdSr-LySrMK25fGRtmRZ8w8hEwcbV8MC08CPw,-y4MXYv_8dV60lKZNMmThzVgC6ifsr18PM1ipPUKWUwQhBM,qlhzJqe1l8PysFfLzPDGV7aPVj0UxqYkn0a-qyB3JvOphK8SIQehEDlGpj1K24dNGAjgSQaG9ipI0Q
222,Tempt,Mid,No Team,Korea,Grandmaster,661,불독좋아,LQ9OuCPY772JF06pKSHSt1qn05ng_YWKbUUbqWQ6bTYaE34,KzFQvlQtvXEXJ9rWtqddXmmifKsDdEkFUHfhPdylY-94RZ8,hm0KLOalX1HCdk2SU-gNTZESkLHgBmIQlTlO67gFqz78crTDIjSkP08c-lF_90C200647jJT3ktmfg
223,CuVee,Top,No Team,Korea,Grandmaster,659,ROKA 큐베,blsRc1hgLoEPFcnMzHazvjw1E3Z3l6gZWcW8zmM5nZfw,6TEoP_O30MRu5IrSIZ4eHlZ45ZR7JTgKgv928icAubpeyg,V3J-erzaFbHISeVcHtJSIEbvwKqLvfdvXhoVhYsKdYUBqzNCHSsAfUxMeu0zanwswoHlzfUSzZ4yYg
224,Peanut,Jungle, Team Dynamics,Korea,Grandmaster,655,XiaoHuaSheng7,omF5AI-CgMjtAK8tveEoWOCE1DUCuDTT56wF9sJlLwS8cXo,Id6nEVQowl1uZQcm3ceECaSphYXYJkASBAOBkMeytqhH-LM,8ttodM1FCTS1V8MHl8zi8jGDFyo_aUFtrizLrfqv0apl6losVc6T8rDtJ7oMSqymdMMnQutYCv94VQ
225,H4cker,Jungle, Oh My God,China,Grandmaster,654,fan qie guo,8iBdn3SD1JJqGg-WR2E_wX8bEMC0g_5WuueIMg56HKqTHJYmAhEXmgOz,v7L-SsHnEcLus7yA76Vg4BmSC6pMrhI16J5rxr4vx2kvJCI,HBfl4HKYIyj9wNTqfgXouZFTKeBx3XQScT8auILkA1IeLlyrci_keZhCpmt2q5ApNPO4kXgYDfU-PQ
226,iBoy,ADC, Vici Gaming,China,Grandmaster,654,sdasf dfghj,uXEjSzABdE5-xYmEeGG4CCo47D277FbHoPkzZS5vP9_TMoDT0WQw8IpJ,Wx-vSSBJdGvSae7H-bt-ZZVIO8JMk68zVEmF3azM47qsG24,LQU__74gc6WwkNUEMNUvIGNGoH9PidxXUAfwlOEW4lXD_XDhyxoVOUs5_Uw9Clz9-mJs5E80xJOhPw
227,Roach,Top, T1 Academy,Korea,Grandmaster,653,Roach,39_-OmQdw5wXIMF_uMldfOZn35wQ1U_hPOXjyXuXvlRSSys,76OnE-WcLcNRbG2iiKUcxA1eb2AqK7AOD15fABaqRVCh6lc,QxZP6pDgHvSvMRyNo5AU_8Nm69jOGHX7BiHf9Mj1k-PGEI2BfSSgGqg5D44elyu7IKMNShzeK1MWIA
228,Peyz,ADC, Gen.G Academy,Korea,Grandmaster,644,Gen G Peyz,3jSpRiLFB0MTErrim1kg0EcaBr-l2mTRp3O1eOLhEhpzQpy5bTX5u3te,yZ94GGwIDHb3_b3SCZv3Qwk1NnGX_Hemq1990tp-ilcj2aU,LttGiNvo8kzca4oEuJVugg5C63VWz4vicE3VW9KRdWL7AHMnievS9H782xxATke5pQ_4uuxK9WpBmQ
229,7WO,Jungle, Royal Club,China,Grandmaster,641,길이 무거웠다,HEXZM4ycWAUJAd4opinLcee__enOh4qBGbSdwMPV6tigPODEVddScZzZ,0k-QpwxXLPYN3tdsqB4Rnj7_mzJseD8QflCXC8NpG1xt1aI,6OVKXIHZ5k-PxwxWytg1a7pBLYaQ766puiaiPD6XW-FL8nxS_RWM9TddB10sxXr3HPDZRx8Lio0bKA
230,Bandao,Jungle, JingNetGame,China,Grandmaster,641,blyh,okYa6PCRGNg38Uuf0yH_dkXMwPgGl9pZfMVrH0mXCESpephOUwCT_2lJ,6h3MNf5uJ5Gw2nPVglCiQ4t4MwyIq-0vCi54ijazrdscQ9M,A9qlXLwVMwu6-7EhTgZlJgLlAO7_R77RP3blwBceFzQTA_K1CsGrEEJ2Q3VOJMWWsTgeLet3kK4JCg
231,DnDn,Top, Team Dynamics Academy,Korea,Grandmaster,636,DYN DnDn,Iv7tVNGr28oXJD-xaWcTb3KhLcFiJ1fVWNT2FOAOy2NQFZE,8Wswfc5GojDGdMYVXKSQ0xENr8KDeTQNorEVKU4gzdtuUSA,frkpLMl56J8DBGTcVONuuEdMADjC7crdhcl7rkHJJU2pJ4Fw3pxe5VaP_Ie8o7YGxG8Zk8oeowzbYw
232,Roamer,Mid, T1 Academy,Korea,Grandmaster,631,BRB 로머,fPOm1IZaW48mqG3Du3f24YI1mTJs5IT4L-SIUenCONbDSVA,CUZUtQWoBlCmU-gJfV9oVTT6A5QgWrjSR23R5cXLvIE_aes,-rBOhRFGl9gB8mYRg97zxWUDZh2WKv9uTe-asERwFbql76DEeK8dlCSC0bl2wIaUeHE8cNdZE40kHg
233,Lucas,Mid (Sub), Invictus Gaming Young,China,Grandmaster,631,zheduibai,cRJdnteTuGbaQyW5rOLV71iqHlAcVJzBighmGjTNIgHq9tgWLKJcb6Z2,mhQ9Cduo22JNp1lRp1-N95AE5SWmjOdRxKG63AqgSjgQxQ0,Jvhzce7iqw6xcEnIgpAJjO03DCGAnGcA0NF1Al8ovKJpSwrkGAmUIM2vnVQ2NIyG-KvFCgAoNFY8Cw
234,HyBriD,ADC, KT Rolster,Korea,Grandmaster,627,안녕 맬,mhVjau37dW2ccosvOnGWr2YC7IeiYs1RofqvBCXR7w2tMa8,Gb3t6rIc--OdkOUzQd3jsGPrcEGVkZ0lL34hdQWDevbx6Ys,9rUFOKnJQIF0o-Tyyqe6o7GzRmsWDp1r9w0rwr3D-4wpsVXWuDTgjbOuZ-kpKAMStFIed_E2kvaPJA
235,Zoom,Top, JD Gaming,China,Grandmaster,622,Juli Baker,Bu5WcmXt7DurIum6GuXykoRMbcCHrg4_36LompwT2RL47WGTA6NLtOtg,e071VdjvMmerzlXxx2YpAfbmdvf9QK-g_zayZ9JSWMhSmz0,3NxwoAZsCedr7Olo7Ys_iVHjXggGisACU3NAaccgANjmAoaLRca-Vn_HRZX7bEpt0lZDlj-a-Q8W8w
236,Jisu,Top,No Team,Korea,Grandmaster,620,Jisu,f8S3G9D3NtW8-OXqSqjOYO5V4bkIO-ByqN4e69Mvq2T-,lFGXUccZtml4p1lft3g8EeJA8GEMS7C_OghMlapCmnQF1bA,8Vz4z-Rd6guY772HLFWnpasDhdZcB6EQAoJXcwZzlclpz11FmpPTc4iz7GrByOh7K62Ls43c4ERvkQ
238,Clid,Jungle, Gen.G,Korea,Grandmaster,618,Gen G Clid,izaqppi2WX-MMEcq9jXQenukSmS8ZoPsVBZw6WiHQmFKbNk,78nQOhvxJGpJEp0C9YbvBKJtQ7i0TIzSHP4dPIuNb6kMFpI,MYc-KQAa8OyiAWv-K5zW1Cx6qpHXvfskznkuWsDsXik6DJV5g0-mZQ9HFJh4fqmCKVX8pNT9LWchoQ
240,Jiumeng,ADC, Team World Elite,China,Grandmaster,614,boom 1i gei,geXygnGLrAiV0mhUHzsUJZWo7uFSZi5CTa1vFeC7WgKDCAVUdPjmEMTE,vcGc_k6lwK-cP7SzT-pu5dA7KnXhqXcyqWO8lWcP6ZLcIEI,gOdR_XWVo0oG0-G24ulYBX4SP7O_qsLEq4bZJ5C8Pj063TEm4MDBoVGeoiAR4OXvMglG9cwhOJqBVQ
241,Lehends,Support, Afreeca Freecs,Korea,Grandmaster,613,Lehends,d1etJC6NhgKRi7LULTHmN3hTrEzbRz_oB_xvyssXjEDq3fM,aahZ-8FKsikFbba9hOhD_CPaQP6L4dRNMW0yBVHYA6eFXQM,9XlDDfu-V96aMefJIeaalWEZ9-XyUFcVwhUrg5IjXhLfvxzaBb4_3c4UgDIVyVRuvD2QHKjLo1_dyA
242,Youdang,Jungle, Rogue Warriors,China,Grandmaster,613,도법이자연스럽다,3UW_i66dNkOkKCnfwCikWdray9o4vJXYpJDmLxEW7FkP6JLFTpye6mNa,0PfPOW9yHeMn-3BXhE51LjINJcAblIAfP04KxpGtE4ELQ9k,c7703IluoXEoCRV6I6A56IkqcXYP7QQuSuxSF_Xb9xGZaYOMR5MIQ-rezvPJoGHBvxp6Q2_HwjNuTQ
243,yuekai,Mid, Royal Club,China,Grandmaster,612,혼자 만 의 시간1,rZxOia1SzIO71HKx6OHgFxTabtvZ2aiCQCM9TXlowO2Yrp01xKOf1En5,cB_pSZ3jbsc-8dHi_qY0gWgHwXB9z43puURBalSzuDojVXA,pk6C0NL3Rw7Hau_nDSLVhbfnhj2P77L2CxCtCPwZXkOx6QvgZFzj_1NWIeyQXF2lb0nHbpZGDn0_Pw
245,TOP-2,Top, KT Rolster Academy,Korea,Grandmaster,610,akdlsemrhclrl,ruyXVcqQpMPbBfcNAfr5LN79mzkS4xJVy7udjHFDD5DDSOpGegA-2iWb,RmtHhnvqcvNXwon963OPlpd-ChLq5cUR85ey1Y2mqBpM8p4,E0sBf00I-GXJTPOodly-g6ZSVdN3ymaWzDzYyq_3Lg1i2R_T1NkPHP8p8iyTeMYCMGb82RvkCdrg5Q
246,705,Top, Royal Never Give Up,China,Grandmaster,610,나는 매우 슬프다,fUns-gLffZeSdA_zRhgIPlibtnrijMsn4mbUpLpENaoCfnRR0Ijyzg-u,Kdmft68SccSrz-Q7twTemA_BHUIMbfuK6ITbrQOm1442lmQ,x-b6k9sATQcJQXokvN8ZK2eBedgin347wHSyd1YL7QYCa88VjuJW4Gxo_n89oVFe_IOWOUCpc2NURQ
247,xiaoxiang,ADC, EDward Gaming,China,Grandmaster,610,EDG JUNJIA,vnu3E61IB4ug65HCum1vSL3a2A-GfRUTk2tNsUxGlkKdIbcdlZSBXhNF,-6EfKB1IYsRiruEYq8QChOTIgEN6zNuX-OKdxa9jKoo-OiM,7RZwr52YHSIWwTHRzKVHr1PovnP2C3oD5OUvQ2fM2xK6U6bW5cJTUmqjsuSg212DPMx0cxDMr19Haw
248,Maestro,Support, Vici Gaming,China,Grandmaster,608,BlackrAbb1t,A5Uf8lrZYOcrKchPN6VUGhvVt8b9Y5TKAFNJ7DvA-dn71Mr-fdri19NS,QF4Ll4YIpV0qwNwS8piHJmVtTaW6uLPN2RXYTj0z6Gu64Kk,N13oFdWpuhOLq1iDIL_5d0KCG9wwqB7NLrx9I5suxDS673ahI_VQkyf9oNIpL9b9q0E7qtXp98ZAsA
250,New,Top, Royal Never Give Up,China,Grandmaster,605,gbzj,_Dcx7reEEmiP-OEaVEgQyHf63uUoJg8B5bOJpnq7ZAhIJkU,HU5cd5YCLCI8KHEU94YpFu2KPJJOtrW8y85F1HM6dvLl0UI,V9N3tqYyA28ZnLcXWs6v6b8FE7ZQXhX9_v0oFp-aPj4svgVWu6PaC5oKNMosh_oCt7RLnb1UL_hfJQ
251,Blessing,Support, Team Dynamics Academy,Korea,Grandmaster,604,DYN Blessing,k42vNpm8v7giSs3G1uPCPFHd-6FJ-NpQyQkD8WNUEcUAeyHE-fsrX0ny,2ZQfC_kmLhBUMisb2Jh67QGL51tZ1zhvX8SRCkCF6rog9lU,i4J_Zvl_niHu9ftf0285Vz8m55qdGOiicozE5kgEgHf6OLlyKttPytZAb4tzvpNhvJ2KRmO9bYyMpg
252,Loken,ADC, JD Gaming,China,Grandmaster,604,로커니눈깜띠기,0eBlqSR7AXQRExGSiMD4En93nvDI8RC6qiIHphN2A6XlFUSCrEYtZxf0,sMf-C2A6R_N3aGb2ZwRAO-jj79Si68IjkHxKoqnFPRQ6Tmo,Puxow91E3HK6XkVpKkh36rcr0RjWN_EFY0Q7JU4gtX5ByXb3UE8K04o1CoPWzxw-Yev4T354vLgRrA
253,gyuvee,Top,No Team,Korea,Grandmaster,600,FA gyuvee,F00FKPjqhRRvKtsDF5MHvkOW7V80nmYLjF2kORmX8GmnGBU,waN460NIr_uHLz4JeAA4E3ToM3y47xkd0e6EsRE-RUrwqmY,BCZUtbcx0wEFZ0LknYOnvupmgm5yEPM2hDVotRC86QCC-tZvIFn_VHz5iGIvXz_dzrFmgSePmwjqbA
254,Xiaopeng,Jungle, TT,China,Grandmaster,595,jug242,7t22GNKzw_p8IxmK3YWmDACkxdQgqwhJ6vE7Qi5xMBK1K0fRbQr-IrC1,2wtQGPpiQ1MXM0wKwG2NlxA_of6snhp6yn1_LXxlISVGRoM,Xz9Qqpb_MQwIHtOD575HCDW6F1FhT1jiEgith-p_WeX-2mljgh50KeG7nHPajw1IEVlXGBubeh4Viw
255,Thanatos,Top, DAMWON Gaming Academy,Korea,Grandmaster,594,DGA Thanatos,if4bc21jiIr6sR3Vz7ZBkCKbMkNMGCSOs7hiWIyZODA8if4,O4IeQ91zIzD5OVbHDSxqo9QB4o_cMFULBlrpdr9W_PTXoBc,0VTxP0XF9YbE4mSo8gxBv7xa03Jy_JdC_0_bM8Yn1bV5yvnDg4LsKn4qKOuNk8r1XYCUtWHrBncc_Q
256,Quid,Mid, Gen.G Academy,Korea,Grandmaster,593,Gen G Quid,cKbiG1Jn_3MAhWcuUag8iTNDedX4CUmlXDdYGyMtziOFYi0mnsf-by-u,IsBQUvndd937fm-b3kJvCvdLsOY1c3XYlnTZUZpQDL2us5s,GjuvY50pVLuMwN2x_kOOmA7U3C7hwUM_JgBMyIzDfHmbUCCKdlCbPoKdvVgoUdS4-EgRGwCt9yumzw
257,Moojin,Jungle,No Team,Korea,Grandmaster,590,52791553,jrES1vNwqbncxLUHf38WKzF_DFth2JzBRWvWgND7V_6Ni1w,h_8JOOoQXjItJZ2m53xZNUSyoV9-Sc78-t2yFf0ECkximOk,7VBgcGxjbupsThH8ZnexO0KyJJOScQcjfbyIA_0lJTnjVFpiegSfU3jrxoJzPW0cCnZ_s0cb8S_sJA
258,Mowgli,Jungle, T1 Academy,Korea,Grandmaster,589,m0wgli,pnkZXsiAvkdklNTZHFfxdZOGtwsTHJpyqE1FLRSAOlGRUjQ,jtchveyd6p2TGUO7Eyj0jkMQDlE_LkmyReRyYZKD99w3lAc,GDEvYt3ZGk2GUtIlYWH5TXjOJdcvTa5vrI_vDLLczpLoeVtzXs_rCUf2ckawNHFfSIIesCnylMsAKg
259,PREP,Jungle, hyFresh Blade Academy,Korea,Grandmaster,589,프랩1,ir0fLDQH9ugB1MpP2JTcoVQm7CdWdzybIjuIXIgFkOEmOIg,gzbhn-s8guSIi3zJjVzpdZtpIupAgvleaj0LeuIJduSfxZg,gZaFE-UgFcthxuegsi1Pqgal19_7IACyDHO5TH5Zhcq0abl_x321lb6DqRJvkWm8s_iWKdSWWkG6rQ
260,Becca,Support, DRX,Korea,Grandmaster,572,DRX Becca,KFLsGfY6mRSW6bX3bYmTeSwGlehK-uPhEK6yULexifQxhfLAnVELFL1q,v5D86kqQpt2_M6-8fnNkaaYO-FhPCm4dplYKwpH9CS3flJs,T2xJnmnkYcJSLFlFR8dpd1Fl65qtdJtAZ7ey94HS2652nAQG_OadgY1GHBkNmGwCqNz9je3Prx_u1Q
261,Moo,ADC,No Team,Korea,Grandmaster,571,SeIma,kVQCMk0edhCfneznIYrf2A--yoUqv-8fUU3WRMqQWwgAwUaE6_-dJ-i6,8hORX4dyIyCM55QutpTLOhb9IicL5pihDSf6ktS0svuVxoM,3_YWvmd8c5QJPAEOJz5WjuPiHD2SeIYljtqiDAge47f2dE5ix80BsMxO4GtWIYbGbrqsRGHM-ykgpQ
262,Kanavi,Jungle, JD Gaming,China,Grandmaster,563,Kanavi,RBk_KFUcNWPETsFo5tkm6ORsfDNFWjDFFZMU4hbAVu3pYhIh77fFKwSk,D-gURUSCv0RXBODDV4MTuaEYbdLy1BD1Tb5RV7Kf_sFrBa4,p7moS--pSfIglgO8YZzrmSKKOdz778cIgzUxuL2Uv6Fn8dkB70GpeKuxHUyCBISOLT9lK98GKBxgtA
263,Natural,Top,No Team,China,Grandmaster,563,huntiand1,niIkUxZdI1Y4y-7tNiSBNRU0pQp_JHKDpDILgfzxNH_LPaAtS6nENYHC,HqZy9yW_cePUSH25wR7KG-L6HP475cz47TN5b7a2EgIkgOM,D89gcuAkgkGbQTzZN4BpZnB8fdBTqaSpOZt2O4unquDh1oDl64yfAbIVcxbWX-6e8ZJUP80ABSaUkg
264,reM,Mid,No Team,Korea,Grandmaster,548,미음디귿치읓이응,Jhwk3n46cQSDsSxbvWbrEyL2_CkVRZsJNSjumtKkK6-gz6g,WmF9KJYyya4nztrW0zfMVs4ydwodyOYdUO7aeFFR8dLtzTE,h6PC_DBCN1gYys1t_13wrF0VPNlkLqOMZfjnbeRjIT7GCa1n2tjjLM64Bpafcc-i8Qvf_Kzj1LMdDQ
265,Bang,ADC, Afreeca Freecs,Korea,Grandmaster,547,StephanFelix2,Lxcg15gaLtX51WgR5oEVQTzW6QJErXoPHr4CigfpU-hi,3gXGlW6lJ3CtbpqQhIXvazhN5rlK7ZykW8tv5sl1QwBrBA,GszH0o4E9tHxOV34-Rpu6MNWIM2AomiVjDHZd5uBdmQgfa6hLdAbidyZ_2mwrgEBWj-L7a8CfgktoQ
266,Doil,Jungle,No Team,Korea,Grandmaster,546,서도일2,OxSpBHQA8TGSDc4vzPqQKXMsbHqXLlu1CuDD_hH7DVDY5yJR83RviECD,USE8yo_1nN6YL5EKDq-xhxAuddSnObQmsp4h2uXifUF65t0,g86gjjr3HeEWL1hqcwLWDwYaFBlRVAib4K-Sw8gWv_3dTLoMnwomap-Y9OIfdYVrnZJoY8P0D6BkJQ
267,Mo,Support, Legend Esport Gaming,China,Grandmaster,543,blitzkrieg Bop,twJlQgVTDUH2zyAdfQ59Kn6kLluh7RzZYV2HVyE2XDQCETzNdVSEEtMh,2VvyJEAQaG9TNeWY792WRfYlQyar5WFteBXke9PYMtdudb8,IN5yqrGVx0c7Tgyz4oYoRYiO2AY9q6fZADONZQyjNagoeYAuEVNp5qKKcnylBlkYjL88tXEo5ueKWA
268,S1xu,Jungle, Royal Club,China,Grandmaster,537,i no hope2,C_yTlRj6Srgr3zdvGc-WL9G6G8RUr3lE6o8OrjbpL2SgjPgwkBIMJYpJ,ue3kY-CTn4JXJxz3rnu4GMLwKGxcU3x4SC2DwxpbFV8PoUE,8kpPcZHY6tslZGSaHh6UoYKpyekvmsUDzi1Rs4wid1StQXiQMHQqL810DVxvPBDEHa0_FiBKylYaEQ
269,Conus,Support, DRX Academy,Korea,Grandmaster,536,DRX Conus,wnsWrzMtzAdMNFtRaOY6z73b7bv-axsVQBK8W6RqHXIXX6fsaVoo9_Tw,2702CZNKlVZIZizf3z3yYcI4WC6Yj_lzjtr4yebsj5L6NNA,OTJvU70r99YvUglMnKkJq_hWZc2IXEufgbtDHwJ5FY8N_k-bowi6Au6n0NICmdU7mDYBE7KU6I-Q2A
270,HwQ,Mid, Rogue Warriors,China,Grandmaster,534,zpxzpx,JgGwZNCzEiaYEV0HS_CR-FNceL33IKDpcI6F7UhMpPSvhPE,Kf397swHVrbw2uXopxjsWxOWuKw3mnajfaULb5u5kI5Si3A,0fdzy5OJf25VI2qulhotYEBhM5j0uWN7vekgqPAO9qZjTuX-QWqny9q4VfXv6VlnhqjiCY8foxQmHQ
271,Magic,Jungle, Team WE Academy,China,Grandmaster,533,아이슬란드로가다,5s9orQe0uRA8lDtaPv8ZHPzNsLVHehn_IqbTekyFYuLPMTFBhu0zivnL,eTrx43AHUva3_gBwL27IJfeJj6Mp1-RB0RhwKEST1wa9_y8,VxvaJ4dCmLiOHKGipJbRl0e3dSWSiqH35eWT31_y9vER0HkHO2-8DMR-hrjGecZvHU_CLlfrsmFztA
273,Yaharong,Mid,No Team,Korea,Grandmaster,528,XXXTENTACION,OGq8-lNH9rfXB-8ICoeD2FWeLZ0B0AepxdCUoG6TDKHuFo8,qPAd-a7MbWTi9L89gNPCbEd6anhrZnBgbQNpYumt-cy-dCM,Uo0x_EPwhfrDXAvi0pf_-9_X6zMvE2csCJmDZWXiKjQoJal0jvgan4jimbdl-Fuq4TyYbo-uTauZOg
274,Fenfen,Mid, eStar,China,Grandmaster,523,어쩌라고핑찍지마,YvX8S7BYy0fZfRJ3FjNeENNVg1nyy8qdZCc_ZqXowGQ,Ye1Gz0Zj-r0mlP_wUES4uIthPjCBx_6-VHA_bvL3aY9CwQ,gBorH5RLK4ZjtMTeez6b_uFLPv1l1IiS71hn1pMlItM0bYrj2oKfd7QwVA-mIHNObdbaOmOuwMYtgQ
275,Jiin,Mid,No Team,Korea,Grandmaster,522,엔터키를빼고게임,ziA7yA6FGHyINZwiiklok6sPETy_UY8njiVaCZYa2zMFAHKWcvc7UbQQ,AW22CVj-A6qtpPfIXg2X5ROlpeA-6xRyB0utwvAZpsaVwrI,XoqS3-w8Cd7odoP72zQT_xdnnyWZi-7ZGiCyBn0_y_cdNpZ_cr4mNaY9z-Y569NIpwqBb4imZ0QPew
276,Senan,Support,No Team,Korea,Grandmaster,522,테디봇1호,jJlpCfVCnXTWlQxR4_afBsQ4fVy3Og36IdoaxwirMGEeUHU,HdSfVN6TpWo0f5YOieI0ejgiSgMhIqYkdJ3JzUjQ8xO6l5k,LN25ohZJMg3GYIQ2M-76Xhtfv6-OcwEZ2ixyeNG7sYpmGnklEOsDNHE-MG52gsk9UC0-rwuC_iSa5g
278,Jzr,Jungle, Young Miracles,China,Grandmaster,518,lai zi shen yuan,zWdu1rk2v6byVHeLMPSI_Yxy0oaGYARnoJVEecRIJU1ON0HxqqBnf84R,j9ajNsSABXqw_MGoJI1XwxictAhuIb9w8itEnI9lW1NkDcs,--ZqjWUh-aULzx-6S2WZGWrt7L1_ZscXozqHwCxhapk8QdLBGwK_okuHavfdGmyRXpNhG4OFr5zQzg
279,Faker,Mid, T1,Korea,Grandmaster,512,Hide on bush,_NjnPXMfgSkV_z2lZMSVC3hr8DeFANe-AiH9AoTCh_L7,LUaJ5n4fPcRrPUugHtQzIuZ7-siMwmP9bZJczq0vfY1OOw,dhYlTK2q2ZQOiid_Hg9Qdplf6Z2P5w3imyeeosakZfGMduDJawKxYXw4EhKBoXva0NHpoTJKcrFNKA
280,Yolanda,Jungle,No Team,China,Grandmaster,511,XNickHoo,TfgZ0dQ5iiCblvCkd5JSgRVpj0-BlmR-cxJ_OdHf8Y8ECQA,__0iEi_I-6gL7GEH3pQ8g--cpzqq0FcNhrwP_BqLQG10esU,EOP6qHZkRWD7stzLjqVfOvKqcHeh2EG54nlnBGs0wgACBFC92-OBpb1uUcg50fTb6A-9xdlmTmi_ig
281,MapSSi,Support, Afreeca Freecs Academy,Korea,Grandmaster,510,AF MapSSi,QtHZAplRSukLCi0EB3b6iRPVPKctZ26DHa2WdDGdq-8b154,2PhdV5xMDnZstPpn6JG0FYsa55mz_fk7rk7IjKrFPg8HEu8,SC18Kpl5Ww39Jzpi1ayE4BTEx-HgFyt-YSAptSpLvce1hFu15zqEufqVk9BueXRYCuOOy3VPtM7igA
283,LvMao,Support, JD Gaming,China,Grandmaster,503,huajuanqctofu,ftt8tx2aZdEaexVZR1VbnINXUz4pHH1AMH2SGbSydUJt6E8,txsYDF-OLhhubq0VuKh0c6gk21zw40qxHXrReEUiLk_a5Jo,0e_3qRtshfxgB8I8AaMsjkYH7t83FpDwqyx3xrl5CACKEq4FEinJWw-CRxjSIowbAgSDznirxB5o2g
285,badboy,Mid,No Team,China,Grandmaster,493,404mob sharenfan,B9O6K-gljsGnnrFehlglhRdMSCnefrd9uFugI9C4B3cKFKQC6DyDvJ7r,Uj9oBQcGJ8tWt4TgrD450eJuoZh-4BYc-zJ3IUjkaX4UiEg,lDchn-opxoy-u6nnxcKgSX4SKRldmZjaogOzcdUfBRdq63HuNC2vy-siF_PPRfRvl5OdePMZIrkANg
286,Sangchu,Top, hyFresh Blade Academy,Korea,Grandmaster,486,flovverdance,9BNlBYof3mLyfqt6Ut4rqMCV0yFJHKHtEpu1el5P2KsL7PzEdt1Rcu0v,QdktfFaCC_zFCRpKw9ksBpXGWuz0A4A-P3-LUlpsR17QffQ,7KjmA67MMtodi3gNoxoZhI5uc1IH4RXAw7JSHVHGezWuHNXc4uyOfw9t6wrzsDnw_vzQiFakvhtfyg
287,Karas,Support,No Team,Korea,Grandmaster,478,Karasss,bhuwuGNNwhZhcJn6bt1dyD3rSC4zNrNp07juKsXB_iNMe_k,XHVHiE3vxmdbNDvDaU2hdl0K9bFVzlO8jmE2qbz45aYoIUM,wr4Svjj8AivgtorUqVi_HF5whIZSZtziQ1EX2Hw15YvF9uQCimDGsn03VFdAIpruknIrxiUCubPFAA
288,Beishang,Jungle, Team World Elite,China,Grandmaster,448,1wancibeishang,fEYaMQT6Om_JwF2YPuOKb23zQ4-AZcEvnJkomCLWGfkPwu9C2cTZ4EIq,xKIY2dYvv2dneLES1ZfxrZF7z_rWjyu_xlXdZYyy1KicPxw,bb0lY7vYORVl1CxghCojGwmg-mH1-lJgfepIRpdwZ_zdaXTXDADx-4ux7oROpog_rloFBdxB_HcYbg
289,Cheoni,ADC, Hanwha Life Esports,Korea,Grandmaster,445,HLE Cheoni,gat4sUmF6mIDpBH7jnxZgRzQ4tKoPHsO9XhroykF7HAjjPA,BHL3We-dBW6kFmwmkz1Hlv1ZLQdhhfp-cPoaGb8z6Jc_XJw,zm-R0yvCZdNTay3diJChkWIrzc66OcPZmG2c1CGhMxr6QDIL8cq4d737YPJzGiQRsa65WjLuFX_STA
290,Blanc,Mid,No Team,Korea,Grandmaster,438,Hamblanc,daUEi3ymV50oRxB4Fv5YJfCJsV0vF7WV69bAvi7V0cJr,4AVZ1a2QW1WeYhL0sA8woiywXBljhgJi43i5wY7ll8kClw,MCVxVMFsT2lJCD0hXUPeheGyfOEhIkw_nhyeGYuFgwak8ilgQkUSxkt3nA5orNrB7gNoX0wkeTNMZA
292,Kuro,Mid,No Team,Korea,Grandmaster,433,쿠붕이,ShS6e489l1qn2LEsmetP5aLZ1q5JVV_Wpn9_GHTHPq0,Tv_5n0jX76AzTF5Ysisxkjiw0NrW_-vwq9-HkEaSoltCgw,GEg6NRuCNX1J0LlTA97gKNNaOI0FeheyVt3bINaZzDSO1JrRnzEeFlB-s096nJpV_expiuA3RQV5iA
293,Pluvia,Mid, hyFresh Blade Academy,Korea,Grandmaster,432,Dalia,6iMgN2H0zvmr5mYsN3DCyk103EpxdCD0GV6J5pEOiBHucDM,J0sn3z3a6u4vFVGtotKiAry871Mk8B3agDK5_ptyBomTp6M,znawx01drPiWvCAfSxipPTsny-fIdnBAoKkPcN67o1xczw5b0P1WstNsE3Fvb9fd6LcW8NV8UCKhiQ
294,Sora,Support, Oh My God,China,Grandmaster,431,메메메메두사,FdQ8ThbBTyle2D8Vd6seNrv_SEG6lHdCt8agwI2YnyCJkyitaAvq4pCM,HkuTSNJBI7v2R959rgK5eWOpEAXfBCo50IcdxFED9E6YtaA,tDM6lc551KFNLJB4cd_RChsmpkXH0jz9FYhbxIo1lANc7gYUNxSp7LyN3FJcybSuAAWRiKYbRb6zsQ
295,BuLLDoG,Mid, Afreeca Freecs Academy,Korea,Grandmaster,429,AF BuLLDoG,jfzvQsqWBec-TZHXTEpuP8lrMty7KF0_iLqnmw3feZXSfMu_71NEE8ps,bIj4e6o42pvJMvrC6dR6UT4ZhVyZ12wxY2C-J7yX6w0OY3U,GxJsYKIhRs72hr553TSjNugJJcN-2gNERRWmp1B1jjxKduFTvU5aF_RVDz9yzNN6wmDEIkYde58-tA
296,Ghost,ADC, DAMWON Gaming,Korea,Grandmaster,429,DWG Ghost,oIMBt_6moKwcAezUobw9FWolvX2rjdzdlH1_5Pnt7lLoE2o,BBWxvvkNbfUbUpi046a6mxYyJFp5_Gx_7TvIsRUoy-DFPDQ,QzvYWm1WH1jYiihQITNEaSyrvRt1lpDHDV6Vtdiqz_3fqOSCJicFMDhlmI33Kf5geOUDPO25yXJ-Bg
297,Lospa,Support, Gen.G Academy,Korea,Grandmaster,429,Gen G Lospa,aaC8H7gLWg1grNj3sWxyGefxHYq9ZHnQ3XjFU9yftKfR6Zo,zQwq_544DqUdio0JBZ2Q-E5jUwGjWp-Orj_e84Cf278P9eo,KHiMSzyCNljS6_GKycZ0wiAcfxYCOMhSpj-4oIxmoMObNcTVfT7sImBKqVGIecY5j9F4lEUUy2aJiA
298,yuyanjia,Support, Top Esports,China,Master,429,Walk in silence,P69kh0Nzq4x8isIK6ZCDSBn3iLkSX9-bJNnUVwvSdCPcAFNfqg9t3lfF,1U-LzOteaeBvRu1fXEArp3SmQjAxPKrilnD1_qfLw6fbfQg,rHkXDfHniCxEjLVwChKKoCb7FLoDiCMctnMHqfkEwbwoSxtTcWeqN2MHnHTWJLk5Dd2gbj_yINYEKw
299,Natu,Jungle, Awesome Spear,Korea,Master,426,Awe Natu,f_iB6zElzdImrJbhOgw1HvATcAFOwvgJH_4FAzgjvMrAbdM,1R5IQimDv02eFgW9zeGJLcD0TCg2oEBI5RCEj9w6OcUIn10,oKuV3FbrBmKHJGzQH5XxuFRvqRosKN-HzXgMlEuzmfWj8UWkGfcI_ga6CiTspsQJl3TNSCekNoYhiA
300,GuGer,Support,No Team,Korea,Master,423,3C2G GuGer,l4kXBwECek6Bed7KkPFbQSOzmcnDEVfsauFnBpLbM0E,JfleoG24vZVYUjHbvCSClexsITbsVsINkxJXtHhTqp-43Q,O528xg5WgbzkNj-Vlo3evKcrcrXmPwxGHAK3toq_ZWW3hMcxq-xaQjxz07UA-JQe3KKicQgUPYCEmQ
301,Veritas,ADC,No Team,Korea,Grandmaster,418,Verit4s,4wtYAC_TqY_feQ9Zfq01RLeKonWB2_c9Qr837z06NupMO10,RZFNgnzTSRXbzOI0wpg9H4ra4v0mz5-nc8wZ0PRwhLVeHNw,NNg-oJj0CJm_MFHc6UJCl-YT4CMEc-CU4vdm-d-KY04H2g6SpDg8jHj9e3ADPnJMjNR80jje5o0tEQ
302,Alphamong,Top,No Team,Korea,Master,417,알파몽,w6-g2W_hkzyxP_EkILHYYYO9M5AA6uFmXEW9qTvd33qeKZ0,amY36bCW1XQwEgr6ZKdDL7oGtFbF8Oynu9xJU3G4RX48kdM,uxxHzwobVn4sOwZry2tlT7tGWGI1u44ZUjl9ERDLkGHcunXOkAjcSG3XHMEe1OAXY92yPDaYzgRiPQ
303,Secret,Support,No Team,Korea,Master,414,Secret,GYnLwtnH8TCob1I__AYct0vKhVkBqs5qlgRwxhFh2Nbl3q0,WgKiTdUZJqklaep5tJrGtkJAUfhEtPXibwSRuA3lonOejfU,maSv6j8d96wUmsd3BQxqUtRxIKT6Zl_qbtAaFrvG_VHUbHLENS5sm8jzyVMww4XixeCCzAd9jPE1tw
304,Holder,Top,No Team,China,Master,413,FA Holder,YLwdpzXf6nthXUdKrbCi1T4jNyDrXWTWqaJ3hfwgNgQu9NM,X3g1yhdrknv0Xo8kbkYqqhcgi1V4vSCAMJ7WWPTiqUnboJo,1ETU7YY9xwUfetnHIlF-kyxbdQfa9PKP9nDwfgY6o7A1ndsYYhq-kzVh38GmGuLdbEqnmj-XAJntnA
305,Simple,Jungle, Team WE Academy,China,Master,410,그대는 어떤가요,bNpHpXotbJkQ01R2Rr1i6Uthbbs0t08gDwuYSLRezq_XlS8,EuXpdlUIBfuDa9ikKsbj2YG4DJ5Y-j15LuI0BgCAiURrnI0,hcoWoCzrQjmYbXKwJ4HZQy-pS-F-mIqYByV0t4T_w-vnOz2f2RrzhsNetAEUg94prcRwjQ9b3nZ9WQ
307,Plex,Mid, Team World Elite,China,Master,405,hy2rwt,sFB2Gt9OgFGEnaZLGPRtbUtL713KN94sOwoeqtYxN0F8mr7ECDxyv4zq,U-Kt9R2Y8h6eHiT9wrneA6ONy24L3Frmpi288mrt1zdHpaI,ZDWOCl5XUiwz6UErMEEY-yvGkPRJ55x3CMlAS1si_TJ3ZfcXJjyYNym_p853NkQLtsDUgGDQ3G-gYA
308,Azhy,Jungle, hyFresh Blade Academy,Korea,Master,404,한봄1,N7z64EpFmlRydCIKuMm0ZJOiEYtdqZR8XVZFfxRtJcbyxBQ,vU3TqCaufrTd5k9adhLQD0TVHdS-RG9iGmuDsI8rw8Z3lgs,P8fLndzhlUCy7rBXNxV6zDhHF6f0EwbPPUAykJ7FerjIuxvZw4fh4gjuzEUsktnwpMrHfTaRKypotg
309,Roi,Mid,No Team,Korea,Master,403,98683384del,TAKys6B9nTkGw7vTcy7k6vaNZ8AuaGrN7GH9RZ7yEk0oJb3sQcFRhS6p,0rSKQtxzVrxqxFi7oTE7bXUbnz8FZxJpNv561KCaJflvwQ4,OGWM2DHL_BYWN0oIdASy7IA8PbNyP14lxG7wgMialdgoFDv0llqpa6MnFh0AVlOv_bbBju0ivUwRiw
310,River-CN,ADC, FunPlus Phoenix Blaze,China,Master,400,wo niu,DLlwCjP6A1bQPpJzWnXD31HIxdRLaOVdkGzxwUBzANEoZpERgU_JivNW,Y24EBoUxaLhBraaa_P531FTSuIxqfSUHgvsHZB8Gdh6uexE,7r1dQXN4D4v38DuBrVPqkU1BeV7obJWsxG41eiusGapny48zSp-LPyEOG1aBFyYnTW-OKudz6UZpWg
311,Score,Jungle,No Team,Korea,Master,396,좋은날,GLlGQXNLseT6MDKTYPTDHXWrD8WUP14bsD3syDLRJfk,yh6XhdzQ4zaaV9mXdqWeEV74zNGPAYZFn8YLypJi3dBHTw,fXbeRDJAfb_Ba9Fn7WnSCw-ELiKolYVmpODrJl0PAIfnCjwdout07JDOcl27UjlerpXE8dzzDdjF8A
312,Jjun,Jungle,No Team,Korea,Master,395,JJUN12,pRZXaGpNreTnJuDXW-sGKqNscrFo5lCaeotI6xcHtXFNfJg,HdpKtj1y9ZrqgyoTMfkJPuK-vSXL67jC0-sRbgIup0h_O-8,M5zv_f5TzAA4p7R7785nvKbiIp4oCuHVUXin8riNt6WP7J7N1xU0d4M4X6HUTg_4-J5XAlSMmwbP8Q
313,Chance,Support, LGD.Y,China,Master,394,kai xin chao ren,QVlfZiz99m2D9fjIShav7g4MO_emH4t4_i7Qo3FppXehp7iSOhgQVel5,P5hbv-PeHRuWsoxEks-bWsGTDAw492ZtSwnuHl3vYZZLq0E,qTyNG2VTRgg25evL38KRDZz7GtY6ASqIem0-MRBtMZroVtP-lqJVS2wsuy7OfPoaVXx-fgumHz_2YA
314,Choyul,Support,No Team,Korea,Master,387,모난 뿔 펨펨,zoASgfoCtuWyM-Y6Cc18HJf7cEpvob9l6fXSB1gl8PQ9,lNkndZzoCcQQW76LXSbOkGWpc7L3eSeUe2OoD-TTfZG2lFg,CRw8RjbyosNP4DkVRuMgrOev2DUVByNuJj-EAd3jCr3eNqvsGgeG9Qr3rGiTLbZzjVbrqTzFI3oqdQ
315,Yui,Support,No Team,China,Master,372,Madman1,3Ag3Kb8rQpRC-ijot_3aE6R13VfqfVQ1uVoXkRwTtiUCP7wQqAmp3iO2,EEIG1OZsgwilNXTWHLQr0sGRX97AzGqpmpCx9YGHRzZ8DvA,HgoMhL2Y-xfcW2nU5PLnvjIRc35Etn5-Lb8l5GjDhMglgEmz-eWCgRXhr-2uL2yv7eHPu_t2fA7qnw
318,Honey,ADC,No Team,Korea,Master,368,뽀허니,2NqmUjMpc4phT37lQowRNedV2ijJMh3tLdYX3y8Gr6vcZOQ,YvkVTuDICL0W571RzYOV82ufO-mFjkQsLJqNS-SUuSWzfR8,Ql7JYzQjrxErt7hXND1p_fn0o2p-GB1ApxqMTgfzCzWWgHCeobVxv5ZMwmEBcpw7wcuv9splmxgspA
319,KaKAO,Jungle,No Team,Korea,Master,361,병권좌,bDeVQNu8ku-TjWE4tlzDQ_57UFHp5X0qWPMxScROxCo,-xMwk0i4mQBtytnff4QdqTYtrWuSnI2iL9UXgJ-qXYYC3Q,HBGknOdauZM7bK-U6v1ka-Vj_ub4nT0vClkRd9rRWFpKEfa9H-0C4HNkOqG5rG_iREpNIKIfUDuA8g
320,TusiN,Support,No Team,Korea,Master,358,박투신,8IN1Kgl9xkg8vGURX_doYSJXG8bX1pj4x7BxU1Xtk-vo,W_T8xz8-PpZGjkBcKoKhADDbBFBjOrMUhLcrApWkeXJdrg,hsmKsi3yrSZzNJB2BFgtocO42AYqBxlYT50mXd_s3c04aP2uFHYs2hzy8ikXQ_FZoTbxV-8iBToHIA
321,Euaaang,Top,No Team,Korea,Master,354,멍멍짹짹꽥꽥,ov2mvFW8tKTEeg2eYmIdBRU_SSK8h6wdb76niAwg2dKv7Rk,zMkPxsPgbgGJFQ-WID-s_u1YVGD01I4Fv5gpin9aR8hekg8,uSkRlw8RkJM3I0nxuyOTszwTgrOxgLigDnCDA_eyhml_I4KFQbeNNw4lwkXhtZYFj9vDN4PxvqpX9w
322,M1anhua,Jungle, Bilibili Gaming Junior,China,Master,354,GLZblackbaby,1FVamrR2qEPcEmDtqTKldpd78X4j92JrMRCHlbcU9pRNXPI,YNwyIpPbnf-dexaI5jRNWrq97_pRhIfnxX2hOn_rzRznmxQ,6HNaZiWutTpaFlusJ6DFHQ0SbmEDwLTJsa1uhGWQBpZ4tXwfLKr4euG6Blpf71jjndw_gThFxEXZCA
323,MaRin,Top,No Team,Korea,Master,352,MaRin,T2OjGUKIbWsyGiombcjqlEV8hEEcS4YF5wH8lh2L5U1u,V_LqWiMEw-sdUxRSPwVtqx69gDiiDxL6wqu1fx_7kQJmHQ,ekgY5hf86iqQt8PPTVQicm8vyb14wKphYAwYdQrJN_XiM6VVTHL__cdt84h5K-5mq0Qsv6jH_g4_Gw
324,Sky-CN,Mid (Sub), Top Esports Challenger,China,Master,343,TESQQ740565123,NRN1CX2WkVeV7GAwvnm074tvAC5Z_u1VkujOtevVhcORCC3VJuAV6njG,xiYPpnz9zqUigxpZNmSGmnKKC8MnUdc31GpOI4pzxR64rpg,hSp9zw-eG1ck9F6sagvIhVKJfxOZs7ebHIBEtRN6ULNcXGfXtPoo_aygwoRxRoTKtDixOfLKL5Nqgw
325,Uzi,ADC,No Team,China,Master,339,sup forever God,W8w1EuoDG1H9VwKDv9yyM3SQ3cPqC8uVNVStAaK2ifk,1qzZCbIBY6RRAbQvH9WFB_HgpK34_pMCqjebF7yZd25hQg,bL73viyZ2FikxFu_5mYfal_foVH8pRNsDC2BLAHgD3PB32wJfOC-IHsfFV6Cd7x6cNO08GzuxFG1sg
326,Jackairay,Jungle,No Team,China,Master,338,shashouxiaowu,EtVAgKP65ecBqbb8E3W3_G2XisvJo1tVX7ecDS2_k2_kBvI,j6Ki_TuDLaLFq087WrThTUqUXe7I8KGh7pPQJqOP05HM5qE,qB2UQ_Fot-g5WntOt0mRkCPbYPd80rs7QN5a_N0bypgVb1YX9dn_a8PXWorer2RIDQQ7H9-gDJXd1w
327,Dracxar,Jungle, DRX Academy,Korea,Master,331,FA Dracxar,lohoI6jlZHc4crNiWuXDNTiTN4_BwVOp9MvwC85kLIllsc8,6KnW4exa3H7Re9K07KOOfU_0QLl_AF9GiCnQPJvOaRIAn5Q,X-6RXWyjKeERZeyzRz5WxhYIZQJDwfVKN1K9wnjtu9YP_GLlrX3qaGbDk7-p8mmFhis0DCeqe_6BEQ
328,Merit,ADC, DRX Academy,Korea,Master,330,새벽 습관,KY2qglzvQpLHwFqBdJrHbbQpTB391-XUd9_KmUBTKd38umQ,kFt1k61na3y-VD0yVxZa4ozsDKIt5WVnmubmjRjXCuDv9k0,e01GfFVHoFcYzdk5_cXzFbt6P6FXFFj95z96YGKwq5eMo3BOEPXyk2_NiVI9m4Iv3HWmEbeRxQSQzg
329,Ben4,Jungle,No Team,China,Master,325,dingji,rbo9eMYJp0emBxlA4qXrA2w7iAOQqqwgyQAS98CHowM2,huidm48q-MPaOE9yljpGWGZegK-7CxTCMSia_PiOGGg6fg,I-rbtwlBM0hTj4kRV2Rj9Ffup_j_mVr44AwIRmKtrn8rk_okcGE8CR5Gx4SVgy1qgLWzHNdLne7RoA
330,Swift,Jungle,No Team,China,Master,319,tfiws,YSt_mvuJ-HoyvfiSB-NDr4evzpRYBBAwnxjjhUli1126C6oW0802Fii9,kdhpKQ6KVlintWa2_Z5RCas95sjQhoJ4eslzQ9QLVCkCuM4,wU6EdyUuXePlvtGVqgU1fnR1K8QUEX2pxUE54nYXTacScgnVybEEny076EpNP5hKUIh8bMtEKmc4qg
331,Xiaohan,Jungle, Victory Five,China,Master,319,제임스맨1,166fDAbOUTacOmnPCEfN6YzmVAqosb4ilJrJNp61icASvGM0i44mfm4e,lOvIFQkYHLtrbBvERo1o1RBjKc2ZwE33D3F7_-A5zlBpqOY,6-f0oGKC6nrIzirZkwQYMPSKO2K5JD6bwZOMjCaNk24y0bjG46ar2Xj0Blb5_7mkxyE-WXdIZPpRqQ
332,listo,Jungle, Gen.G Academy,Korea,Master,317,Gen G listo,s001UeBZKHY7ZrRvZ_IEpylT96IW2_iKYinI-Q-5WdtSMQ6urWMIe6zd,jjXExoCgqrPv1W4s7rtL3xL_pwLxZDPPgGeqV2ZKpy_2240,xGx3Ft7kOTmVQDQlpD7s2t1oBpOULBNo4K64zldkP3Vz3aSgDFoQFAqfqN09FDL2W9FruiOOmNh62A
333,Smeb,Top,No Team,Korea,Master,316,망밍맹먕몽,MJq8yxsUpOrigVo9TvrdE47jyroPHp20YkU-HY3EXe46e3o,k8KzsN7vcrhA7Q8bNMlKOvE07CpAWL2Ry_JuvY0gTRAjhwI,u3RGdjmEbFQIM-5I08eP8pIVr2Tc3OEoMPwzXKahpULATrgfhP4_GVgyWR7FmhQSaFTCKkR8VMJ8tg
334,ToongE,ADC, Gen.G Academy,Korea,Master,314,Gen G ToongE,njJ6h3T-cG-rUgLLSnZssEpwfsGlRCepDVcC20RP6_lxXT8,F7ANbRoAhQWFtD7eJrLkCB_YacGm_EtcAoPIwe7F8lgjSvQ,zcIaUvY9_G0SGSr5zTzGaSvz4ThZ-9-IJQKLKIWVF2tEIiXDxIYs-tx4VN0z_-DsxUJsue-HiLtx3w
335,Ning,Jungle, Invictus Gaming,China,Master,311,quanshiwunai,IF_0WvyI5JB1O17QpLSbeZttCsKXErQsiUCVKwLOyOwoDXNSH7CE54yq,NCviMB1aRxr182gN03opycTKtTqAW9wRA9yvhVSsU138GLs,Zt0TwvHmkbTEgUrs6lm-ObOoagUrQTaq9SUuDzJzJR8W67P5fUQ1bMrgp5gT56abhqaGJKwtCkzjiQ
336,Cepted,Mid, Awesome Spear,Korea,Master,310,weilin,QL_tDyli2GoNBZ8owFJgawKTUMxNiGTZe0S7pmFhSCuBZ74,ESpwVE0Bf1WzZSDAQVBitjrnv642IiuElQvt3Qn6hCpCRZg,oOB6IVPbQlYGYDzO3qBwciNdGaz5tuAhgD2LmzRo7A8-gT9pELNafZbeY6BoQP1VH7XVjPaftvzMeg
338,57,Jungle, Legend Esport Gaming,China,Master,305,zlszz,LZQ9R-tCNNVk6H7qeIHxTMGwyeOfgfpMAvrPramv9sg4m6kbja0SWRPi,VFz40g5nMq2pngLwzIKAgkDE1Y3EVcNm5YoE4C7IY-Btj68,XLekuQMQle2ER7Paz3kOeamAsgTxw56M2VWUPmtyhIvLsUNYsljd-zDqODHoQCb3T0sV03gWtLpRqQ
339,Alielie,Top,No Team,China,Master,302,FA Alielie,YWHh4IIO2p5RMBWQJ9pqLV8LP_TLPfnlCZ9OiUGRn0s_u2YY3vJrpRgK,webDZHjP33Ftce0BgL9UjDQeAML3D03bMqYQjBCfh6Al-GU,0ldaYDA1v-65eschcGhuXWEQE9yYX56KBbAGdZb1x94mH_YDsowwEbRdBogIly_jZ-dxESSM5xrfXw
340,Syu,ADC,No Team,Korea,Master,297,히키슝슈,90yvYiByVeru4KYRBuGNPbo0cOu4n79UUKkqCQzEk0Az1nteI-PyjN2n,dmtwXHpYK6yeiBeAcJwvSc8hlW_DFifFFbYmYKZJe6hb4s8,KcBtFxoFEeIPui_1xY8QcF0eASpvhqgq11sYvqYY1Nz-_sVMEPNFy-_-uFrN_vCH-fwO4_SzjFITsQ
341,Bin,Jungle, Suning Gaming,China,Master,292,sn top,dk8y-ydxSWhr1xb-Nq7WchxKHEbeyxgrOIDrL57Vfykq51wZ4qy6_3-r,Tvw_dVf8di9DURR5UNTgs5ZB8hpqhRfC4MiHZlU3Nr1DsuM,-Uh313scEP35FUQye1orsMCGl-agisDVmKbDkGG-VUj-hk3806obppswB0Kmi4Y9iSyhVep6HlEgvg
342,Rookie,Mid, Invictus Gaming,China,Master,291,모두건강하게,GEQul6hPaA0J99Ob0UIvlQhm6d6FvfbsuMGKeF0ohIH0YAJJcgbbTznK,o1G1Srw5YLh7XL6GEtKmKLABcwgmE-BsJB9Y_I-n9aLI4C0,4f4YYlGqgVX_Gws5MubHb3ZS-XbUyVO__gmPXT84jUbfxDk-LUPJluwe0WnW51kkoOJFKmNRzYDlFg
343,Chovy,Mid, Hanwha Life Esports,Korea,Master,281,Chovy zz6,iA86hqVfHlhQ7EhYiiNocVww9LGq0tim3fapQ8i-1NXZYYo,S5tH2VeLWLzekebcKsENopudKDh7eR9XM0WoUT-WB068JZw,ugYmKgTAhRsbbnBE_WXXB4hhaBqhnGdNkqmzRYfCHOrS7TmZlNQ7KjqvnPkRMCzHYpc2KUVwmEa9VQ
344,Crush,Jungle,No Team,Korea,Master,280,ASP Crush,zKCqItxmav4P1Rm3jWXkObBLWLkrIF3ifG_6kPjAKcdQwS4,Xnd3lr75a4hZlmQJ3acfgMZ9BYAU4mPeziNiCYs4tqKjB68,U-7vm62z5gdwfb9ZhHeqtpK_mbtqfXnIheZHs_ijJ1_X5Q2MxRrLvYAMC_4jtRUtn0ZPgLS_GLvOhQ
345,Cruel,Support, Suning-S,China,Master,277,ColorDQ,pTgbkus_IM_qRROLsaSrt-L899dWZ2jZO7iShfEOKq_S,njYsSiSg4hyJ5t46QLsaKZmyN477DGp-nWSo2dbJjKyedw,RJ4Wiu4BPZfCZo8Dy2ClBWMXIDU5rT7kogEXRyMpUFbImKxMuKMCfL2ayfAb2pUc-K9IJzWyZAo8qg
346,Aix,Jungle, Vici Gaming,China,Master,273,Youyinger,pfdDr0qdugwwM5X5nWLqOFPwJJiqtrc0CcQpU4AWDuhAZNkXwwWdNkCq,wCLIrlsy1AlUYbIprSxgDicB9Ju4DGcmvd1-FQ2ReTWpaJo,SbVmjs26yBclNGc-406xzUurchXioc6UJd9VYtq4dP5LEGDtY6FJvZBs858Yr21YK3RiLcfMBcluNw
347,Hollow,ADC,No Team,Korea,Master,268,상체이겨라화이팅,v7a_XoyYkhCH6o4uNiVV8hUCK1KPj47ODRaOmWDXCS07Mpo,0s6C57pEaKvfCw1HjW9jVtcqS3hcT1zRM5Ly0K3fMKKTUD4,9vmV5mPENRQb1PvF_-AbpNu3w6mgwUuoxUVLa_PXUYtUT0t1c3qZrpGKYbCLtgExmeUe2kciUhYx4Q
348,HakaM,ADC,No Team,Korea,Master,260,해 캄,Gvj4g60_d23iCzLe0LHaWdSCl5WxrWuQ_vCsXqA6e3TRoEwyY-ZrgJN5,UqsJ9GzR8ESxlE1Aj5X_ypLLdNm-yMyzTd08KDMDXtYn9IA,PglcxKr6KUFScMhtngZTQlIAuxxsPbgfYjQdMEqosGmHLMuBH3Ij9mPCGqJPhRPxLAqhEG1MgE-R3g
350,Vins,Mid, hyFresh Blade Academy,Korea,Master,255,새우튀김에 우동,N-r57R8zZtuZ7WgFgzpVe2vuZ2tGp9nkNyHQXsMXQYQpAfI,mlPIiMiygi89bGtjpIFKCxONz2M6fMx0Wpb1A_kRcKSSaYg,wjRf60e3xbCyuHcM40jnC-aKK6GYd989KXvss8jGRKTK_j3tfLLUClk31JVsNJsUif6lWqjJA5Rk8A
351,Winner,Jungle, Gen.G Academy,Korea,Master,248,Gen G Winner,Sc5dBGIMb7EOsCMVyvaz0xyJqzt7aeaW3cmWyuAlCukM3ntQ3K9Tb-0x,HEj6kElbxslk-xKzu-6DEfFsS052R7phmbOU9NMcaNgL0fE,IcsYLVsLzhNdxK-YQwK9fo61mdacOEUrti-hxfMv9NflZnOtHaRc4w3ysiBld_cbsS6V-hKbPpXuNA
352,PraY,ADC,No Team,Korea,Master,238,죽기장인,p6GmErWm6WvUQ-M8oLF-SXdR0dZlbCsiRly1Uld_3IdG,Gmp_nAQ0JFYGq5TZ4Ds-UdMci9W0alUWWN-aABobCHlBCg,ZghXmM_FZls-nMjJr0RgWx2kE9J0-FhBMMWDbLyp5n_7jDFRI-K-mAEGlxYgjFTpyC3WHKXokBsGog
353,Lactea,ADC,No Team,Korea,Master,231,Lactea Rx,hO2UOT_jDiOE_UHxnIT9EKLocSK4r042gSKbErppiSN1,kthb6JzBnfy4EoTS4hld2Vo3s8ZuQyJgDyLxPZjMRMK_Dg,_ft55ESFULMDkiTqed-Uj7ZoiGawThpHWq6n7yjya31CZInmHdzGCaHzAldqACtGIzycC9G7L5lpcw
354,Mightybear,Jungle, hyFresh Blade,Korea,Master,228,마이티비어,WEkgaf1OSpxO1F6LpF0D6ubLIelzkHnJ3Pz0GsceFxuUasg,CjxODWGs0XNSx49ktEv_MvNXfRMsGSoWRdU3lt0c5CkB3zk,Pkd3ZG02FQDD_GLQynYsnZdJSi8ex1Pzp4B1UwlCxf3zSi9OJ7PYRduV2enQN5MJRza4H6rsXiW0yA
355,Nyx,Jungle, Gen.G Academy,Korea,Master,227,Gen G nyx,dUvtHgirUqAJrBYlvedLWJlo89HO22EBM6hT-CgrqkLjdCdVPDi4P8Ut,-w0KqccHjE83imTeBbYMhnF0exQBeo6r3xnwPNk-du0iyks,3i19WQsY-YZSQGSMg4wsyzQP-wjIM1vMbJcsAZVOQP0WCXUAbJLjbP6ZRX1HkpZIhT_kYhbHqXxCvw
356,Neat,Jungle,No Team,Korea,Master,218,간장개장1,MqGAPunFKulclKMZtWIJxnVSCFdG3fz4lBgNh2bsfNneJDs,7r5kRGZrEnDfvKjOfzuCV1cJrdhqKk8qyKsaAgu4JpYoBug,9jisxSukJLDf92YUsx4uy-1A0VGyEgN0c8lhvb4rElVd5tnIW-mjwj6k_0SMePMT1Yj5-duFQa-rWg
357,BaeMe,Mid,No Team,Korea,Master,210,리리컬 매지컬,LsiUVtWNwdDH-VlPVhMJL96JQja9_XXzFuDjsfBd1hDR,k7AZal03e87PF9CVRvtUuRf0q0qS8Bb-Pti3vQdZmATUaQ,psSRKyGApFrbS2r8-OF_LG_0rrRURybYavLcRuNqJJUI40BsI42lfgrEpOqhrhNSrZskMF8v-MwijQ
358,HaeSeong,Mid,No Team,Korea,Master,209,돌쇠10주년,lseN2IPbqI5WNlqsur626_YDJfAun0EtH52hbZ0wzPgthQ8pq04huJgA,Jf912hAd3OWDn4szT438W7WuShubPXso_VENak9CegPDZJA,75LIEdcwU_ZbCwCSYL-mV7pGQlsOAA_azblW2iLkOZgUWJ0lADSTw6W3Df5ge3c57LVeaxK5sja11w
359,Ray,Top,No Team,Korea,Master,195,Always be happyy,jqJ69MFEvxYWdkxaejPz6PMNjPas-1G9t_3PxvUP66ppJu0,yAdDcbbioWF6EWSEoIb0bBj00EmutpKp2vvYmhY2QehA57s,QAhfD_J3I4srL6cwEll_IhbkmVlgabXFf4w_J7KGDUnUXF5wZvJ57ogSqORD8k9RxOYG5YCl8NHgPA
360,Beware,Top,No Team,Korea,Master,178,유튜브 승우아빠,810cza4BbNoo_b1Tjsy_RBJ05L87eR_tVt4yODcVxeEzUq8,vcl9pWtFJmpvLaTHtwDdXIkJuKLbQubYIOwfKpV-wc3ACmQ,FAx8mRcLug0mEsIPynZhY_erlWtOglJDWwB-_hbqlqMFg3b5rYGRjfLmDviRrBLC_WM5uWs7XfAhEA
361,Garden,ADC,No Team,Korea,Master,168,Garrden,AlrD02oT7grJoMTXpHAtYiDMRS8ccjpbt5y1ZBr0ceaa2I4-P-4aX1hX,eQ5Xj7RgidMmxwP-LnSChYUfmXEdEpIm9UH2srjcTDPGdZE,AthJDM2-zhU3H8Y8x4DyrT0l6LBeCDPh6XGDp_LSAimDenUb1RD2V9xge8cGAl1ML14dxHj4GjXlbA
362,Rather,Mid, Griffin,Korea,Master,167,nakedBlBl,oVLBSFcqfDoTu5NM-xo_i9g-S7pRkEeRu2xvK6T7WHRp,nwS0bxx4fn1j3chLtk3dXMki5WNp1YBGvaEis7wU1KVGCw,rKrq7cNadXfGpakL1CtCVUQ1UPsBO8_2qiEx96S0MxlU9mk90SK4JwQdsr4FoO1T2CEZezJqYk-pQQ
363,Nuclear,ADC,No Team,Korea,Master,161,굿 팀,_n8-oJ9YzlHGY2M_mfMWwYS1SfQDxCn7Ur2MRv23OseE,DHqFTGCHLDw9DkZWGDUevgPCUQsDF_5ZUZcsMN0i1qmMVw,PzehWA_iPhrEPQbgLy6PoYgNDN-1GGNX3oigjopKiDPzQ7lh0rGk51vf9PlT41KjUnFOqcZ6E2R66w
364,Onlyl,Support,No Team,Korea,Master,151,Budfa,wsfa87PelgluTmUtBHeA6h999EppVUYWqwVRyjLHE_pzD58,MzTw5zzp6zw3HBE7oPurVdM2n5EC5muBI1YUeZIyayRq3u0,y4VuabsCFyaBqj51E2fYvbWAkXZs1tRF0xHezbG3bQ79HGOU91CzLHcOL6q5o0yoax6lmmY8w_NFMQ
365,HamBak,Jungle,No Team,Korea,Master,140,JIIRISAN,M72B-aAoyxJs1qavtyGFaKM64EI45LnUr6SJBwF9V0vX3KMdZavEpfcH,mDV1rT7vxERalOOZEKMwGm3IItwZ05Tk5_y8Kixg90zM9MI,XYR9WFKq7Eu-YY3A5y5yhAZIm0hLH4ZCjV7v84zsIgZ3XCdGH27zh1MgdvXFZDxwMlwsCrCFDHPslw
366,Rush,Jungle,No Team,Korea,Master,135,77310280del,TwcFyZLmCRGkO9lF4n4kXdj39nTAc0DabICYrdy6VdjkEgHlWUaFZnf0,YCdfC9oHR0UQMlPeW274-qPNAjYD9BHWM4oYYRjOEOyMgww,5WB9Gqv5-FUpCtcVcIqCYN9EFHJyTe0mibhxb7FNYGj86YeBPV5y8J2k5dZ0U-Ta-kg3bJZ49KZK6A
367,Ikssu,Top,No Team,Korea,Master,129,맥 도널드 트럼프,XcvxkPkUR22l5eqSmteCdjfJjoIm1adV-bmIgMhfiCm9Tkw,bmlUqCM-f4xnf8uJRSg2ezlqpWGp8Nf3LfBsj_Pv7FyXwiU,royPITIPNEFUg09hjMZVbVwbqmmFxJVktqs5ZwcUhPuLFlitFNOqOCS0o17ewYgrkyIDm27t8YAu3A
368,Nugget,Support, Winners,Korea,Master,93,lure heart,OgmaYHWzzgpFfIiS0HlGL45o-YvHywMUQ8KLy31ekahIRRU,3OeF96y9LyteI0oW57TbG-8dk21R2T8ZLxQhes8e-nNVf_s,p9SrjrE9uzxz43Z-uzWvxQ18AJz_ruMzz8jMhzc7OArt3GszB5bjDDSk8fH3ZhzjgxiqhS-Tc3spiw
369,Dantal,Jungle, DRX Academy,Korea,Master,40,방탕아의 티파티,nYZnDZiAEEgc1ebG4PgtTtlQ-EvUMJRQ3KwhrjLwXko,f4xQ4BlmCgRc_ouLGkzP4rM4j91u0gTKfEgvdXCHyRZf_w,QUpRV6MVeeRdzSsNGSsgqJUUp_RLjqYABK7s8Kj34tqiQhX-nyaTNr8TAbEDHhIP_HZG-bxdK4xMqw
370,icon,Mid, Oh My God,China,Master,39,cherishurtime,Av53Kbm5_Nq2ZR8HgpehwXspujAPP_aYRuZgmGM-wm9u0PnqunYRIDff,xJq6Oppz9d8Vn7yiaLxiTkvjDeJlq2bXAHLjzijJ3AoeuKI,NlO1FMZN06--ZeXPLvqzgdnINlObGAJnq3kmDabLgZarU7U7L4aIbjIeP86nFkWrETgnvxuxihjyAQ
371,Minggu,Top, hyFresh Blade Academy,Korea,Master,36,타락한 밍구,mjOaWbJWPZntTSla_ytIgHU74dGsOI8sZiW_GTU8PhtufOw,wOWewdTrsPEADGFOxZyVtYVWH2sjyAGq2DbWyT98_JcMEpY,PAfpihKWx0ZpJkQbpQkU9eOJkNcCNc-Xw0m_CvBu_hTEOCXKp2zBMJDeYCOLfgXUKF3eSh185MpXEQ
372,Oscar,Top, hyFresh Blade,Korea,Master,29,쿤디판다Hero,CpZyeg6dAZA5ON3hkskKaUUL_x6xJ3MGoIZZAlzoKAWeNPY,-L501tQ6BL7yB97lgYLMZuglYXXWp2e9s9rBUSGP93bFY5E,UPiN2OEOUhnEkEPymBPOt2gaekHmfjG_Qi9dpk4woyRsuJAVNpObDkCLgUX5aYCX_hu5nlaxF7gA4A
373,Beichen,Jungle, Oh My God,China,Master,18,ss qing kong,D9C-W9pWgxi84GGDJZozxd2mAuWLmJ-3B5x-uI79l3JxJ4M,D-8eZDzZf3Gfj3shyvm11tozY5wJH0Y3C6J9bgtinJTvuCE,lTbcF-ApQM6jl3u2p_hUOeZ468Gwb7yHTQI4pivc3z7C822SaF4v-9Ik6mfwSbS-EiiaF6ke-Kxv2Q
